status,mode,seed,length,method,est,lo,hi,p0,outcome_mse
PRELIMINARY - NOT FOR PUBLICATION,p23,0,912.3067299573519,OLS site FE CR1,1197.792128890748,741.638763912072,1653.945493869424,5.0949360771916115e-05,
PRELIMINARY - NOT FOR PUBLICATION,p23,0,1503.038309429778,ART difference in means,953.4023392471753,86.75508501481556,1589.7933944445936,0.03680419921875,
PRELIMINARY - NOT FOR PUBLICATION,p23,0,1322.4455711780085,ART within-site OLS,849.5167693948899,72.27452610382304,1394.7200972818316,0.0372314453125,
PRELIMINARY - NOT FOR PUBLICATION,p23,0,1356.143888302435,DML linear local,806.8272924500673,5.668675592037,1361.812563894472,0.048919677734375,164316607.98906088
PRELIMINARY - NOT FOR PUBLICATION,p23,0,1387.664310662631,DML local full,620.0379766232296,-137.53946603188,1250.1248446307509,0.093719482421875,176935512.76456943
PRELIMINARY - NOT FOR PUBLICATION,p23,0,1296.8161059154772,DML local matched,554.2441201626234,-172.06358473249242,1124.7525211829848,0.112823486328125,177507255.04869944
PRELIMINARY - NOT FOR PUBLICATION,p23,0,1038.2047306765407,DML pooled matched,856.602894385357,262.82333696984745,1301.0280676463883,0.01300048828125,164359026.20487618
PRELIMINARY - NOT FOR PUBLICATION,p23,0,1172.152238065682,DML adaptive,766.3645529244379,93.81411618808801,1265.96635425377,0.032196044921875,165019466.11042377
PRELIMINARY - NOT FOR PUBLICATION,p23,0,1077.401822732612,DML shrink k20,809.6817665154392,196.0646875062916,1273.4665102389035,0.0184326171875,164659639.8397961
PRELIMINARY - NOT FOR PUBLICATION,p23,1,912.3067299573519,OLS site FE CR1,1197.792128890748,741.638763912072,1653.945493869424,5.0949360771916115e-05,
PRELIMINARY - NOT FOR PUBLICATION,p23,1,1503.038309429778,ART difference in means,953.4023392471753,86.75508501481556,1589.7933944445936,0.03680419921875,
PRELIMINARY - NOT FOR PUBLICATION,p23,1,1322.4455711780085,ART within-site OLS,849.5167693948899,72.27452610382304,1394.7200972818316,0.0372314453125,
PRELIMINARY - NOT FOR PUBLICATION,p23,1,1390.5807087006563,DML linear local,824.0734098364213,4.116548384885114,1394.6972570855414,0.04931640625,164270655.4955423
PRELIMINARY - NOT FOR PUBLICATION,p23,1,1305.3159126718836,DML local full,782.9895956621712,57.34046594949061,1362.6563786213742,0.037811279296875,174977862.76981345
PRELIMINARY - NOT FOR PUBLICATION,p23,1,1325.8053638562212,DML local matched,608.7112547751998,-148.5514028331383,1177.2539610230829,0.100921630859375,177334381.78442943
PRELIMINARY - NOT FOR PUBLICATION,p23,1,1003.3751982059367,DML pooled matched,895.3126230942726,326.6621675681762,1330.037365774113,0.007476806640625,163225751.57139125
PRELIMINARY - NOT FOR PUBLICATION,p23,1,1173.6469772151618,DML adaptive,723.2348665071024,44.38088539469477,1218.0278626098566,0.040283203125,163558510.0493096
PRELIMINARY - NOT FOR PUBLICATION,p23,1,1047.7687760059769,DML shrink k20,803.7132770509988,205.3996679971401,1253.168444003117,0.014923095703125,163348556.68861997
PRELIMINARY - NOT FOR PUBLICATION,p23,2,912.3067299573519,OLS site FE CR1,1197.792128890748,741.638763912072,1653.945493869424,5.0949360771916115e-05,
PRELIMINARY - NOT FOR PUBLICATION,p23,2,1503.038309429778,ART difference in means,953.4023392471753,86.75508501481556,1589.7933944445936,0.03680419921875,
PRELIMINARY - NOT FOR PUBLICATION,p23,2,1322.4455711780085,ART within-site OLS,849.5167693948899,72.27452610382304,1394.7200972818316,0.0372314453125,
PRELIMINARY - NOT FOR PUBLICATION,p23,2,1463.6761038870911,DML linear local,794.3310548526883,-62.853961346837195,1400.822142540254,0.061737060546875,164233906.37332666
PRELIMINARY - NOT FOR PUBLICATION,p23,2,1339.0742185797471,DML local full,704.7985510727184,-35.52471132541067,1303.5495072543365,0.05889892578125,175594810.4806364
PRELIMINARY - NOT FOR PUBLICATION,p23,2,1340.1253830756652,DML local matched,570.6061790070596,-176.83123358081622,1163.294149494849,0.109771728515625,177612082.16477713
PRELIMINARY - NOT FOR PUBLICATION,p23,2,1012.5417777328825,DML pooled matched,935.9004365325696,372.06054510540946,1384.602322838292,0.0064697265625,163122068.03409877
PRELIMINARY - NOT FOR PUBLICATION,p23,2,1128.2139520626192,DML adaptive,872.7906838907015,238.35385775698842,1366.5678098196076,0.014617919921875,163642160.78078493
PRELIMINARY - NOT FOR PUBLICATION,p23,2,1042.630216025333,DML shrink k20,909.1301580132139,329.67659564441885,1372.3068116697518,0.008148193359375,163197188.27853218
PRELIMINARY - NOT FOR PUBLICATION,estimated,0,912.3067299573519,OLS site FE CR1,1197.792128890748,741.638763912072,1653.945493869424,5.0949360771916115e-05,
PRELIMINARY - NOT FOR PUBLICATION,estimated,0,1503.038309429778,ART difference in means,953.4023392471753,86.75508501481556,1589.7933944445936,0.03680419921875,
PRELIMINARY - NOT FOR PUBLICATION,estimated,0,1322.4455711780085,ART within-site OLS,849.5167693948899,72.27452610382304,1394.7200972818316,0.0372314453125,
PRELIMINARY - NOT FOR PUBLICATION,estimated,0,1354.730493501458,DML linear local,384.9727158374512,-390.5235003219658,964.2069931794923,0.264404296875,164316607.98906088
PRELIMINARY - NOT FOR PUBLICATION,estimated,0,1678.1024936986673,DML local full,363.7616447092107,-533.4851040418336,1144.6173896568337,0.367706298828125,176935512.76456943
PRELIMINARY - NOT FOR PUBLICATION,estimated,0,1433.4771033612387,DML local matched,411.62543936978665,-351.25010052707285,1082.227002834166,0.240325927734375,177507255.04869944
PRELIMINARY - NOT FOR PUBLICATION,estimated,0,1041.0465101165523,DML pooled matched,615.5437083483992,52.47700383374506,1093.5235139502975,0.036651611328125,164359026.20487618
PRELIMINARY - NOT FOR PUBLICATION,estimated,0,1168.4387872095838,DML adaptive,553.0963108799612,-79.7798943371541,1088.6588928724298,0.077056884765625,165019466.11042377
PRELIMINARY - NOT FOR PUBLICATION,estimated,0,1185.8132559617397,DML adaptive both,683.232151699552,12.2731748171459,1198.0864307788856,0.0469970703125,165019466.11042377
PRELIMINARY - NOT FOR PUBLICATION,estimated,0,1092.595394245544,DML shrink k20,580.0190724769218,-7.717832872201589,1084.8775613733424,0.052032470703125,164659639.8397961
PRELIMINARY - NOT FOR PUBLICATION,estimated,0,1097.6941817530565,DML shrink k20 both,713.5180553964433,95.92478920897895,1193.6189709620353,0.030181884765625,164659639.8397961
PRELIMINARY - NOT FOR PUBLICATION,estimated,1,912.3067299573519,OLS site FE CR1,1197.792128890748,741.638763912072,1653.945493869424,5.0949360771916115e-05,
PRELIMINARY - NOT FOR PUBLICATION,estimated,1,1503.038309429778,ART difference in means,953.4023392471753,86.75508501481556,1589.7933944445936,0.03680419921875,
PRELIMINARY - NOT FOR PUBLICATION,estimated,1,1322.4455711780085,ART within-site OLS,849.5167693948899,72.27452610382304,1394.7200972818316,0.0372314453125,
PRELIMINARY - NOT FOR PUBLICATION,estimated,1,1398.364797413283,DML linear local,566.3003901627077,-252.6813767087533,1145.6834207045297,0.139617919921875,164270655.4955423
PRELIMINARY - NOT FOR PUBLICATION,estimated,1,1403.7753675403694,DML local full,762.4007343744117,-18.72695108371454,1385.0484164566549,0.0548095703125,174977862.76981345
PRELIMINARY - NOT FOR PUBLICATION,estimated,1,1357.4142501491897,DML local matched,479.3391168170752,-302.72136935255037,1054.6928807966392,0.18890380859375,177334381.78442943
PRELIMINARY - NOT FOR PUBLICATION,estimated,1,1053.5465760182087,DML pooled matched,599.6159630932125,-3.4698465344247964,1050.076729483784,0.051239013671875,163225751.57139125
PRELIMINARY - NOT FOR PUBLICATION,estimated,1,1162.891652229212,DML adaptive,494.35999999360513,-182.79916430752235,980.0924879216898,0.122955322265625,163558510.0493096
PRELIMINARY - NOT FOR PUBLICATION,estimated,1,1218.2908986709315,DML adaptive both,522.7230643970578,-191.34932133023108,1026.9415773407004,0.121551513671875,163558510.0493096
PRELIMINARY - NOT FOR PUBLICATION,estimated,1,1076.4091423148761,DML shrink k20,547.0006692442172,-72.42951060394506,1003.979631710931,0.0745849609375,163348556.68861997
PRELIMINARY - NOT FOR PUBLICATION,estimated,1,1111.4053776906035,DML shrink k20 both,592.3760313435009,-52.36465723852102,1059.0407204520825,0.065704345703125,163348556.68861997
PRELIMINARY - NOT FOR PUBLICATION,estimated,2,912.3067299573519,OLS site FE CR1,1197.792128890748,741.638763912072,1653.945493869424,5.0949360771916115e-05,
PRELIMINARY - NOT FOR PUBLICATION,estimated,2,1503.038309429778,ART difference in means,953.4023392471753,86.75508501481556,1589.7933944445936,0.03680419921875,
PRELIMINARY - NOT FOR PUBLICATION,estimated,2,1322.4455711780085,ART within-site OLS,849.5167693948899,72.27452610382304,1394.7200972818316,0.0372314453125,
PRELIMINARY - NOT FOR PUBLICATION,estimated,2,1473.9756223422442,DML linear local,497.3848457405921,-333.79876942973874,1140.1768529125054,0.18756103515625,164233906.37332666
PRELIMINARY - NOT FOR PUBLICATION,estimated,2,1537.5615073185,DML local full,601.4468888306556,-224.13228030189327,1313.4292270166068,0.129058837890625,175594810.4806364
PRELIMINARY - NOT FOR PUBLICATION,estimated,2,1342.6858083371483,DML local matched,596.9456715416835,-149.61197702180374,1193.0738313153445,0.098846435546875,177612082.16477713
PRELIMINARY - NOT FOR PUBLICATION,estimated,2,1007.7820977055314,DML pooled matched,776.7189980923924,217.04195901104754,1224.824056716579,0.01416015625,163122068.03409877
PRELIMINARY - NOT FOR PUBLICATION,estimated,2,1124.3583604019886,DML adaptive,752.3618258952172,126.45576854845771,1250.8141289504463,0.0255126953125,163642160.78078493
PRELIMINARY - NOT FOR PUBLICATION,estimated,2,1124.2870205483678,DML adaptive both,770.3565110571876,151.50776175655218,1275.7947823049199,0.02178955078125,163642160.78078493
PRELIMINARY - NOT FOR PUBLICATION,estimated,2,1032.2739803592403,DML shrink k20,774.8840130157809,204.12214700366496,1236.3961273629052,0.01556396484375,163197188.27853218
PRELIMINARY - NOT FOR PUBLICATION,estimated,2,1044.4355091377856,DML shrink k20 both,800.1213234436648,232.13846349424142,1276.573972632027,0.012054443359375,163197188.27853218
