mode,seed,method,weighting,est,lo,hi,length,p0
p23,0,ART difference in means,current,953.4023392471753,86.75508501481556,1589.7933944445936,1503.038309429778,0.03680419921875
p23,0,ART difference in means,size,1247.0971953227024,435.28373451601067,1728.5963762294878,1293.3126417134772,0.01092529296875
p23,0,ART within-site OLS,current,849.5167693948899,72.27452610382304,1394.7200972818316,1322.4455711780085,0.0372314453125
p23,0,ART within-site OLS,size,1140.5622114066261,533.4423560394152,1499.552838966624,966.1104829272087,0.005401611328125
p23,0,DML linear local,current,806.8272924500673,5.668675592037,1361.812563894472,1356.143888302435,0.048919677734375
p23,0,DML linear local,size,1110.216052112844,485.27224957363467,1469.9401304451135,984.6678808714788,0.006988525390625
p23,0,DML local full,current,620.0379766232296,-137.53946603188,1250.1248446307509,1387.664310662631,0.093719482421875
p23,0,DML local full,size,787.050961724307,46.71934337232217,1349.0651909792155,1302.3458476068934,0.037384033203125
p23,0,DML local matched,current,554.2441201626234,-172.06358473249242,1124.7525211829848,1296.8161059154772,0.112823486328125
p23,0,DML local matched,size,766.4257977773119,106.43849571556999,1243.7760209416037,1137.3375252260337,0.02618408203125
p23,0,DML pooled matched,current,856.602894385357,262.82333696984745,1301.0280676463883,1038.2047306765407,0.01300048828125
p23,0,DML pooled matched,size,1047.927236463501,511.93900575370145,1389.4821379207106,877.5431321670092,0.00360107421875
p23,0,DML adaptive,current,766.3645529244379,93.81411618808801,1265.96635425377,1172.152238065682,0.032196044921875
p23,0,DML adaptive,size,986.697497735883,399.90480461137497,1361.758667654483,961.8538630431079,0.006866455078125
p23,1,ART difference in means,current,953.4023392471753,86.75508501481556,1589.7933944445936,1503.038309429778,0.03680419921875
p23,1,ART difference in means,size,1247.0971953227024,435.28373451601067,1728.5963762294878,1293.3126417134772,0.01092529296875
p23,1,ART within-site OLS,current,849.5167693948899,72.27452610382304,1394.7200972818316,1322.4455711780085,0.0372314453125
p23,1,ART within-site OLS,size,1140.5622114066261,533.4423560394152,1499.552838966624,966.1104829272087,0.005401611328125
p23,1,DML linear local,current,824.0734098364213,4.116548384885114,1394.6972570855414,1390.5807087006563,0.04931640625
p23,1,DML linear local,size,1140.0239793896912,499.29791958938625,1517.081771545524,1017.7838519561376,0.0064697265625
p23,1,DML local full,current,782.9895956621712,57.34046594949061,1362.6563786213742,1305.3159126718836,0.037811279296875
p23,1,DML local full,size,981.6425483753629,321.81770419957127,1489.0647651805489,1167.2470609809775,0.004791259765625
p23,1,DML local matched,current,608.7112547751998,-148.5514028331383,1177.2539610230829,1325.8053638562212,0.100921630859375
p23,1,DML local matched,size,872.2251328561106,182.18081291192385,1360.2404023818785,1178.0595894699547,0.01544189453125
p23,1,DML pooled matched,current,895.3126230942726,326.6621675681762,1330.037365774113,1003.3751982059367,0.007476806640625
p23,1,DML pooled matched,size,1071.2320367704056,525.2227970587555,1437.2708570153359,912.0480599565803,0.00274658203125
p23,1,DML adaptive,current,723.2348665071024,44.38088539469477,1218.0278626098566,1173.6469772151618,0.040283203125
p23,1,DML adaptive,size,968.3313411890667,349.6452850139763,1360.9675995804187,1011.3223145664424,0.007598876953125
p23,2,ART difference in means,current,953.4023392471753,86.75508501481556,1589.7933944445936,1503.038309429778,0.03680419921875
p23,2,ART difference in means,size,1247.0971953227024,435.28373451601067,1728.5963762294878,1293.3126417134772,0.01092529296875
p23,2,ART within-site OLS,current,849.5167693948899,72.27452610382304,1394.7200972818316,1322.4455711780085,0.0372314453125
p23,2,ART within-site OLS,size,1140.5622114066261,533.4423560394152,1499.552838966624,966.1104829272087,0.005401611328125
p23,2,DML linear local,current,794.3310548526883,-62.853961346837195,1400.822142540254,1463.6761038870911,0.061737060546875
p23,2,DML linear local,size,1102.6062788501936,445.6392269755809,1501.6765155710918,1056.037288595511,0.008392333984375
p23,2,DML local full,current,704.7985510727184,-35.52471132541067,1303.5495072543365,1339.0742185797471,0.05889892578125
p23,2,DML local full,size,893.4842167662833,209.27357982956963,1429.0772794665515,1219.803699636982,0.011077880859375
p23,2,DML local matched,current,570.6061790070596,-176.83123358081622,1163.294149494849,1340.1253830756652,0.109771728515625
p23,2,DML local matched,size,768.1846559253385,102.49561863947153,1249.837928148821,1147.3423095093494,0.0279541015625
p23,2,DML pooled matched,current,935.9004365325696,372.06054510540946,1384.602322838292,1012.5417777328825,0.0064697265625
p23,2,DML pooled matched,size,1087.1540859929744,565.3339909641718,1468.7077681762753,903.3737772121035,0.0023193359375
p23,2,DML adaptive,current,872.7906838907015,238.35385775698842,1366.5678098196076,1128.2139520626192,0.014617919921875
p23,2,DML adaptive,size,1047.5755473456263,499.8753246817157,1455.264333473538,955.3890087918223,0.00299072265625
estimated,0,ART difference in means,current,953.4023392471753,86.75508501481556,1589.7933944445936,1503.038309429778,0.03680419921875
estimated,0,ART difference in means,size,1247.0971953227024,435.28373451601067,1728.5963762294878,1293.3126417134772,0.01092529296875
estimated,0,ART within-site OLS,current,849.5167693948899,72.27452610382304,1394.7200972818316,1322.4455711780085,0.0372314453125
estimated,0,ART within-site OLS,size,1140.5622114066261,533.4423560394152,1499.552838966624,966.1104829272087,0.005401611328125
estimated,0,DML linear local,current,384.9727158374512,-390.5235003219658,964.2069931794923,1354.730493501458,0.264404296875
estimated,0,DML linear local,size,636.7562473798871,-64.25646056304262,1109.579887089645,1173.8363476526874,0.07110595703125
estimated,0,DML local full,current,363.7616447092107,-533.4851040418336,1144.6173896568337,1678.1024936986673,0.367706298828125
estimated,0,DML local full,size,501.5305690518124,-474.3393038654632,1260.2048112759107,1734.5441151413738,0.300750732421875
estimated,0,DML local matched,current,411.62543936978665,-351.25010052707285,1082.227002834166,1433.4771033612387,0.240325927734375
estimated,0,DML local matched,size,534.9062134502693,-181.99424986800713,1150.6697959726182,1332.6640458406252,0.14459228515625
estimated,0,DML pooled matched,current,615.5437083483992,52.47700383374506,1093.5235139502975,1041.0465101165523,0.036651611328125
estimated,0,DML pooled matched,size,727.8749324666752,212.82756918724345,1155.8424709327187,943.0149017454753,0.009918212890625
estimated,0,DML adaptive,current,553.0963108799612,-79.7798943371541,1088.6588928724298,1168.4387872095838,0.077056884765625
estimated,0,DML adaptive,size,678.8615757861704,122.35404867808586,1147.5785163034197,1025.224467625334,0.020965576171875
estimated,0,DML adaptive both,current,683.232151699552,12.2731748171459,1198.0864307788856,1185.8132559617397,0.0469970703125
estimated,0,DML adaptive both,size,878.6121672583912,275.959714024134,1286.1747198586252,1010.2150058344912,0.01263427734375
estimated,1,ART difference in means,current,953.4023392471753,86.75508501481556,1589.7933944445936,1503.038309429778,0.03680419921875
estimated,1,ART difference in means,size,1247.0971953227024,435.28373451601067,1728.5963762294878,1293.3126417134772,0.01092529296875
estimated,1,ART within-site OLS,current,849.5167693948899,72.27452610382304,1394.7200972818316,1322.4455711780085,0.0372314453125
estimated,1,ART within-site OLS,size,1140.5622114066261,533.4423560394152,1499.552838966624,966.1104829272087,0.005401611328125
estimated,1,DML linear local,current,566.3003901627077,-252.6813767087533,1145.6834207045297,1398.364797413283,0.139617919921875
estimated,1,DML linear local,size,889.523824043907,212.35427539797536,1328.1776710864542,1115.8233956884787,0.01678466796875
estimated,1,DML local full,current,762.4007343744117,-18.72695108371454,1385.0484164566549,1403.7753675403694,0.0548095703125
estimated,1,DML local full,size,984.6282336106752,240.2874749462464,1556.6690351833226,1316.3815602370762,0.01007080078125
estimated,1,DML local matched,current,479.3391168170752,-302.72136935255037,1054.6928807966392,1357.4142501491897,0.18890380859375
estimated,1,DML local matched,size,766.5143778024805,70.88337996490856,1256.2131507240683,1185.3297707591598,0.0316162109375
estimated,1,DML pooled matched,current,599.6159630932125,-3.4698465344247964,1050.076729483784,1053.5465760182087,0.051239013671875
estimated,1,DML pooled matched,size,808.7875461209042,247.50877297460852,1184.7287728983931,937.2199999237846,0.01068115234375
estimated,1,DML adaptive,current,494.35999999360513,-182.79916430752235,980.0924879216898,1162.891652229212,0.122955322265625
estimated,1,DML adaptive,size,750.9649222374594,150.70190000648591,1138.5246593445422,987.8227593380564,0.02001953125
estimated,1,DML adaptive both,current,522.7230643970578,-191.34932133023108,1026.9415773407004,1218.2908986709315,0.121551513671875
estimated,1,DML adaptive both,size,802.4426572644621,136.7472298937567,1199.6046660351262,1062.8574361413696,0.024078369140625
estimated,2,ART difference in means,current,953.4023392471753,86.75508501481556,1589.7933944445936,1503.038309429778,0.03680419921875
estimated,2,ART difference in means,size,1247.0971953227024,435.28373451601067,1728.5963762294878,1293.3126417134772,0.01092529296875
estimated,2,ART within-site OLS,current,849.5167693948899,72.27452610382304,1394.7200972818316,1322.4455711780085,0.0372314453125
estimated,2,ART within-site OLS,size,1140.5622114066261,533.4423560394152,1499.552838966624,966.1104829272087,0.005401611328125
estimated,2,DML linear local,current,497.3848457405921,-333.79876942973874,1140.1768529125054,1473.9756223422442,0.18756103515625
estimated,2,DML linear local,size,737.5107341513262,18.505761704034313,1250.6322829155874,1232.1265212115532,0.045654296875
estimated,2,DML local full,current,601.4468888306556,-224.13228030189327,1313.4292270166068,1537.5615073185,0.129058837890625
estimated,2,DML local full,size,754.1081151706105,-66.70099125788754,1434.0725143484035,1500.773505606291,0.072052001953125
estimated,2,DML local matched,current,596.9456715416835,-149.61197702180374,1193.0738313153445,1342.6858083371483,0.098846435546875
estimated,2,DML local matched,size,789.7229893024913,119.34262425920285,1304.6477469079882,1185.3051226487853,0.02264404296875
estimated,2,DML pooled matched,current,776.7189980923924,217.04195901104754,1224.824056716579,1007.7820977055314,0.01416015625
estimated,2,DML pooled matched,size,923.4688084315756,402.2331584931765,1326.0252051061527,923.7920466129763,0.0032958984375
estimated,2,DML adaptive,current,752.3618258952172,126.45576854845771,1250.8141289504463,1124.3583604019886,0.0255126953125
estimated,2,DML adaptive,size,912.5391246397656,380.340742026826,1333.6825642787608,953.3418222519348,0.003387451171875
estimated,2,DML adaptive both,current,770.3565110571876,151.50776175655218,1275.7947823049199,1124.2870205483678,0.02178955078125
estimated,2,DML adaptive both,size,917.7756462497118,367.0661426259401,1376.9691825398008,1009.9030399138608,0.0040283203125
p23,0,DML shrink k20,current,809.6817665154392,196.0646875062916,1273.4665102389035,1077.401822732612,0.0184326171875
p23,0,DML shrink k20,size,1002.9250378441102,434.7431874703319,1370.1986573241056,935.4554698537737,0.00518798828125
p23,1,DML shrink k20,current,803.7132770509988,205.3996679971401,1253.168444003117,1047.7687760059769,0.014923095703125
p23,1,DML shrink k20,size,1002.5291020734344,420.5567265979329,1387.1832588533082,966.6265322553753,0.004486083984375
p23,2,DML shrink k20,current,909.1301580132139,329.67659564441885,1372.3068116697518,1042.630216025333,0.008148193359375
p23,2,DML shrink k20,size,1058.2310407589268,523.9018832635463,1460.1388666878788,936.2369834243325,0.002349853515625
estimated,0,DML shrink k20,current,580.0190724769218,-7.717832872201589,1084.8775613733424,1092.595394245544,0.052032470703125
estimated,0,DML shrink k20,size,689.3374912559426,144.99555241414427,1150.9896579279657,1005.9941055138214,0.01715087890625
estimated,0,DML shrink k20 both,current,713.5180553964433,95.92478920897895,1193.6189709620353,1097.6941817530565,0.030181884765625
estimated,0,DML shrink k20 both,size,888.4256439089197,296.01639442950744,1288.2675874768784,992.2511930473709,0.010833740234375
estimated,1,DML shrink k20,current,547.0006692442172,-72.42951060394506,1003.979631710931,1076.4091423148761,0.0745849609375
estimated,1,DML shrink k20,size,772.0113874621712,194.24243610701194,1155.033290986753,960.790854879741,0.01495361328125
estimated,1,DML shrink k20 both,current,592.3760313435009,-52.36465723852102,1059.0407204520825,1111.4053776906035,0.065704345703125
estimated,1,DML shrink k20 both,size,832.6852565725071,198.3415299372292,1224.1085883133492,1025.76705837612,0.01617431640625
estimated,2,DML shrink k20,current,774.8840130157809,204.12214700366496,1236.3961273629052,1032.2739803592403,0.01556396484375
estimated,2,DML shrink k20,size,915.8051110575775,396.0926900120178,1330.892624781651,934.7999347696332,0.00299072265625
estimated,2,DML shrink k20 both,current,800.1213234436648,232.13846349424142,1276.573972632027,1044.4355091377856,0.012054443359375
estimated,2,DML shrink k20 both,size,924.2222378608824,384.9695754954144,1377.4985239638052,992.5289484683908,0.003204345703125
p23,0,DML shrink k20,precision k100,972.2255575106544,454.2387023498523,1354.7213974005276,900.4826950506754,0.005096435546875
p23,0,DML shrink k20,precision k20 sensitivity,969.0766336726643,454.7724293218622,1352.2639114892518,897.4914821673896,0.00518798828125
estimated,0,DML shrink k20 both,precision k100,869.7540581096229,336.7802354211576,1270.7618012893552,933.9815658681975,0.00927734375
estimated,0,DML shrink k20 both,precision k20 sensitivity,871.2353151212101,346.30196136923723,1269.00280359698,922.7008422277427,0.0086669921875
p23,1,DML shrink k20,precision k100,959.7594212023979,444.30268197134126,1339.6756137202976,895.3729317489564,0.004364013671875
p23,1,DML shrink k20,precision k20 sensitivity,953.089454321191,444.5007983432789,1330.6914510862296,886.1906527429506,0.004608154296875
estimated,1,DML shrink k20 both,precision k100,785.6043674675105,229.64761339441918,1180.5159438168826,950.8683304224634,0.013153076171875
estimated,1,DML shrink k20 both,precision k20 sensitivity,779.9807825837628,234.26941897643718,1174.2461140757455,939.9766950993082,0.013031005859375
p23,2,DML shrink k20,precision k100,1030.8574656340643,542.1188079832477,1451.0467613899737,908.9279534067259,0.00250244140625
p23,2,DML shrink k20,precision k20 sensitivity,1028.6371172329973,542.0401835361281,1449.8528093896216,907.8126258534935,0.00274658203125
estimated,2,DML shrink k20 both,precision k100,898.9618501985789,403.7001985587468,1373.0523879246002,969.3521893658534,0.0035400390625
estimated,2,DML shrink k20 both,precision k20 sensitivity,899.1442864966506,408.72171822679456,1372.8149576027208,964.0932393759263,0.00384521484375
