mode,method,weighting,site,n,tau2,stabilized_tau2,score_weight,effect_weight,seed
p23,DML shrink k20,current,CC,524,611809784.392759,611809784.392759,0.0625,0.08040330068161473,0
p23,DML shrink k20,current,CI,190,573372663.7425236,573372663.7425236,0.0625,0.04841556836892416,0
p23,DML shrink k20,current,CV,788,644064356.9858304,644064356.9858304,0.0625,0.09859873494605731,0
p23,DML shrink k20,current,HF,234,412317253.217914,412317253.217914,0.0625,0.05372991614761826,0
p23,DML shrink k20,current,IN,1392,890543941.0769908,890543941.0769908,0.0625,0.13104723187494913,0
p23,DML shrink k20,current,JC,81,629425799.1402136,629425799.1402136,0.0625,0.031611910488508796,0
p23,DML shrink k20,current,JK,353,538279156.3932314,538279156.3932314,0.0625,0.06599265281878564,0
p23,DML shrink k20,current,LC,485,800912577.9487418,800912577.9487418,0.0625,0.0773533458377408,0
p23,DML shrink k20,current,MD,177,1064156264.7149577,1064156264.7149577,0.0625,0.04672990168066158,0
p23,DML shrink k20,current,MN,179,766645671.8061607,766645671.8061607,0.0625,0.0469931708155551,0
p23,DML shrink k20,current,MT,38,864111262.3704996,864111262.3704996,0.0625,0.021652100408440605,0
p23,DML shrink k20,current,NE,636,532975091.6065474,532975091.6065474,0.0625,0.08858022761640483,0
p23,DML shrink k20,current,OH,74,507004290.26248103,507004290.26248103,0.0625,0.030215104037198782,0
p23,DML shrink k20,current,OK,87,953229027.0659591,953229027.0659591,0.0625,0.03276180796873728,0
p23,DML shrink k20,current,PR,463,833968279.9335109,833968279.9335109,0.0625,0.0755785802851646,0
p23,DML shrink k20,current,SM,401,627497173.4042739,627497173.4042739,0.0625,0.07033644602363827,0
p23,DML shrink k20,size,CC,524,611809784.392759,,0.08040330068161473,0.08587348410357261,0
p23,DML shrink k20,size,CI,190,573372663.7425236,,0.04841556836892416,0.03113733202228778,0
p23,DML shrink k20,size,CV,788,644064356.9858304,,0.09859873494605731,0.1291379875450672,0
p23,DML shrink k20,size,HF,234,412317253.217914,,0.05372991614761826,0.03834808259587021,0
p23,DML shrink k20,size,IN,1392,890543941.0769908,,0.13104723187494913,0.22812192723697153,0
p23,DML shrink k20,size,JC,81,629425799.1402136,,0.031611910488508796,0.013274336283185844,0
p23,DML shrink k20,size,JK,353,538279156.3932314,,0.06599265281878564,0.05784988528351361,0
p23,DML shrink k20,size,LC,485,800912577.9487418,,0.0773533458377408,0.07948213700426089,0
p23,DML shrink k20,size,MD,177,1064156264.7149577,,0.04672990168066158,0.029006882989183875,0
p23,DML shrink k20,size,MN,179,766645671.8061607,,0.0469931708155551,0.02933464437889217,0
p23,DML shrink k20,size,MT,38,864111262.3704996,,0.021652100408440605,0.006227466404457554,0
p23,DML shrink k20,size,NE,636,532975091.6065474,,0.08858022761640483,0.10422812192723699,0
p23,DML shrink k20,size,OH,74,507004290.26248103,,0.030215104037198782,0.012127171419206818,0
p23,DML shrink k20,size,OK,87,953229027.0659591,,0.03276180796873728,0.01425762045231072,0
p23,DML shrink k20,size,PR,463,833968279.9335109,,0.0755785802851646,0.07587676171746968,0
p23,DML shrink k20,size,SM,401,627497173.4042739,,0.07033644602363827,0.06571615863651264,0
p23,DML shrink k20,precision k100,CC,524,611809784.392759,628253644.0422765,0.08749614591190137,0.09499627530937509,0
p23,DML shrink k20,precision k100,CI,190,573372663.7425236,622120887.3642291,0.05320596370453789,0.034784769105178394,0
p23,DML shrink k20,precision k100,CV,788,644064356.9858304,651977623.3920786,0.10339242330060827,0.13765875383227089,0
p23,DML shrink k20,precision k100,HF,234,412317253.217914,502989258.26035804,0.07303104490224496,0.05298677090276556,0
p23,DML shrink k20,precision k100,IN,1392,890543941.0769908,878720405.794111,0.10195938377838026,0.180425879204014,0
p23,DML shrink k20,precision k100,JC,81,629425799.1402136,676553149.6230131,0.031944705257300525,0.0136362013538546,0
p23,DML shrink k20,precision k100,JK,353,538279156.3932314,577211871.795006,0.07816465115573863,0.06965459273784814,0
p23,DML shrink k20,precision k100,LC,485,800912577.9487418,786073956.7262266,0.06727686680965221,0.07027302316177805,0
p23,DML shrink k20,precision k100,MD,177,1064156264.7149577,937380455.0389776,0.034082311024810956,0.021506398025349562,0
p23,DML shrink k20,precision k100,MN,179,766645671.8061607,747800117.2029564,0.042963463302906894,0.027263261479350785,0
p23,DML shrink k20,precision k100,MT,38,864111262.3704996,754727151.1579107,0.01961372674711734,0.0057346105514483135,0
p23,DML shrink k20,precision k100,NE,636,532975091.6065474,557639028.8041945,0.10860096688417012,0.12990152819833542,0
p23,DML shrink k20,precision k100,OH,74,507004290.26248103,626802405.7230427,0.03295668350780076,0.013446565504044446,0
p23,DML shrink k20,precision k100,OK,87,953229027.0659591,824748383.4870849,0.027157916548271353,0.012014565969773218,0
p23,DML shrink k20,precision k100,PR,463,833968279.9335109,812666989.9114009,0.06358229099742387,0.06489013511903784,0
p23,DML shrink k20,precision k100,SM,401,627497173.4042739,644848744.7252697,0.0745714561671347,0.0708266695455757,0
p23,DML shrink k20,precision k20 sensitivity,CC,524,611809784.392759,615583089.9403279,0.08738794297897338,0.09526356074390471,0
p23,DML shrink k20,precision k20 sensitivity,CI,190,573372663.7425236,586854229.8924497,0.0551974628255972,0.03623310616232602,0
p23,DML shrink k20,precision k20 sensitivity,CV,788,644064356.9858304,645803902.7856674,0.10214920662223875,0.13655504728427473,0
p23,DML shrink k20,precision k20 sensitivity,HF,234,412317253.217914,436185852.17375106,0.08241550196429516,0.06003803741676772,0
p23,DML shrink k20,precision k20 sensitivity,IN,1392,890543941.0769908,888045161.3311689,0.09873181476527135,0.17542294098284336,0
p23,DML shrink k20,precision k20 sensitivity,JC,81,629425799.1402136,646391645.3140215,0.032720454633796976,0.01402398663231673,0
p23,DML shrink k20,precision k20 sensitivity,JK,353,538279156.3932314,547740224.8672111,0.08060932255507705,0.07212441014145966,0
p23,DML shrink k20,precision k20 sensitivity,LC,485,800912577.9487418,797473786.3638414,0.06489735658317579,0.06806244199786353,0
p23,DML shrink k20,precision k20 sensitivity,MD,177,1064156264.7149577,1028452057.0919266,0.03040010869295267,0.019260671309689302,0
p23,DML shrink k20,precision k20 sensitivity,MN,179,766645671.8061607,761353687.7862709,0.04129643997308727,0.026311692200188697,0
p23,DML shrink k20,precision k20 sensitivity,MT,38,864111262.3704996,811530128.2086586,0.01785088306061716,0.005240360369722708,0
p23,DML shrink k20,precision k20 sensitivity,NE,636,532975091.6065474,538510356.9012865,0.11005430915466119,0.13217376467934996,0
p23,DML shrink k20,precision k20 sensitivity,OH,74,507004290.26248103,551574341.8209267,0.036650875963850166,0.015014465246826997,0
p23,DML shrink k20,precision k20 sensitivity,OK,87,953229027.0659591,908139593.6590334,0.024136793226489317,0.010721334515505328,0
p23,DML shrink k20,precision k20 sensitivity,PR,463,833968279.9335109,829000925.1648695,0.060996938053007994,0.06250405313952573,0
p23,DML shrink k20,precision k20 sensitivity,SM,401,627497173.4042739,631628499.9092728,0.07450458894690869,0.07105012717743492,0
estimated,DML shrink k20 both,current,CC,524,575979829.3521701,575979829.3521701,0.0625,0.08040330068161473,0
estimated,DML shrink k20 both,current,CI,190,549405500.6208304,549405500.6208304,0.0625,0.04841556836892416,0
estimated,DML shrink k20 both,current,CV,788,615823328.8354101,615823328.8354101,0.0625,0.09859873494605731,0
estimated,DML shrink k20 both,current,HF,234,381044231.04897755,381044231.04897755,0.0625,0.05372991614761826,0
estimated,DML shrink k20 both,current,IN,1392,872293073.6708573,872293073.6708573,0.0625,0.13104723187494913,0
estimated,DML shrink k20 both,current,JC,81,575866730.1932875,575866730.1932875,0.0625,0.031611910488508796,0
estimated,DML shrink k20 both,current,JK,353,513879396.9001087,513879396.9001087,0.0625,0.06599265281878564,0
estimated,DML shrink k20 both,current,LC,485,764899613.9630349,764899613.9630349,0.0625,0.0773533458377408,0
estimated,DML shrink k20 both,current,MD,177,1076282306.084313,1076282306.084313,0.0625,0.04672990168066158,0
estimated,DML shrink k20 both,current,MN,179,734433943.5122219,734433943.5122219,0.0625,0.0469931708155551,0
estimated,DML shrink k20 both,current,MT,38,806847903.9408774,806847903.9408774,0.0625,0.021652100408440605,0
estimated,DML shrink k20 both,current,NE,636,520311152.75427324,520311152.75427324,0.0625,0.08858022761640483,0
estimated,DML shrink k20 both,current,OH,74,507438262.7653567,507438262.7653567,0.0625,0.030215104037198782,0
estimated,DML shrink k20 both,current,OK,87,962605420.9266902,962605420.9266902,0.0625,0.03276180796873728,0
estimated,DML shrink k20 both,current,PR,463,815986931.4985981,815986931.4985981,0.0625,0.0755785802851646,0
estimated,DML shrink k20 both,current,SM,401,574061210.1478311,574061210.1478311,0.0625,0.07033644602363827,0
estimated,DML shrink k20 both,size,CC,524,575979829.3521701,,0.08040330068161473,0.08587348410357261,0
estimated,DML shrink k20 both,size,CI,190,549405500.6208304,,0.04841556836892416,0.03113733202228778,0
estimated,DML shrink k20 both,size,CV,788,615823328.8354101,,0.09859873494605731,0.1291379875450672,0
estimated,DML shrink k20 both,size,HF,234,381044231.04897755,,0.05372991614761826,0.03834808259587021,0
estimated,DML shrink k20 both,size,IN,1392,872293073.6708573,,0.13104723187494913,0.22812192723697153,0
estimated,DML shrink k20 both,size,JC,81,575866730.1932875,,0.031611910488508796,0.013274336283185844,0
estimated,DML shrink k20 both,size,JK,353,513879396.9001087,,0.06599265281878564,0.05784988528351361,0
estimated,DML shrink k20 both,size,LC,485,764899613.9630349,,0.0773533458377408,0.07948213700426089,0
estimated,DML shrink k20 both,size,MD,177,1076282306.084313,,0.04672990168066158,0.029006882989183875,0
estimated,DML shrink k20 both,size,MN,179,734433943.5122219,,0.0469931708155551,0.02933464437889217,0
estimated,DML shrink k20 both,size,MT,38,806847903.9408774,,0.021652100408440605,0.006227466404457554,0
estimated,DML shrink k20 both,size,NE,636,520311152.75427324,,0.08858022761640483,0.10422812192723699,0
estimated,DML shrink k20 both,size,OH,74,507438262.7653567,,0.030215104037198782,0.012127171419206818,0
estimated,DML shrink k20 both,size,OK,87,962605420.9266902,,0.03276180796873728,0.01425762045231072,0
estimated,DML shrink k20 both,size,PR,463,815986931.4985981,,0.0755785802851646,0.07587676171746968,0
estimated,DML shrink k20 both,size,SM,401,574061210.1478311,,0.07033644602363827,0.06571615863651264,0
estimated,DML shrink k20 both,precision k100,CC,524,575979829.3521701,594190386.2066383,0.08886237051487904,0.09659808576166434,0
estimated,DML shrink k20 both,precision k100,CI,190,549405500.6208304,597857437.6224486,0.05318106567526383,0.03481118591021685,0
estimated,DML shrink k20 both,precision k100,CV,788,615823328.8354101,624121893.6291076,0.10374604819968017,0.13829919559662554,0
estimated,DML shrink k20 both,precision k100,HF,234,381044231.04897755,473653050.1200074,0.07449471484807478,0.05411508852028692,0
estimated,DML shrink k20 both,precision k100,IN,1392,872293073.6708573,860028722.5564811,0.10006553775755922,0.17729199772382367,0
estimated,DML shrink k20 both,precision k100,JC,81,575866730.1932875,638958323.7278539,0.032489860681540216,0.013885941807383341,0
estimated,DML shrink k20 both,precision k100,JK,353,513879396.9001087,552718379.5672323,0.07840817003011677,0.06995739882547015,0
estimated,DML shrink k20 both,precision k100,LC,485,764899613.9630349,751977008.5850335,0.06755292813520392,0.07064802579046736,0
estimated,DML shrink k20 both,precision k100,MD,177,1076282306.084313,936119006.2550354,0.032781848732762194,0.020711190225745427,0
estimated,DML shrink k20 both,precision k100,MN,179,734433943.5122219,718246049.6429,0.04296661507386619,0.027298742314089332,0
estimated,DML shrink k20 both,precision k100,MT,38,806847903.9408774,721142571.5427969,0.01971734955422274,0.005771986630703527,0
estimated,DML shrink k20 both,precision k100,NE,636,520311152.75427324,543320737.2170261,0.10706564760022086,0.1282223370911314,0
estimated,DML shrink k20 both,precision k100,OH,74,507438262.7653567,612636722.7596633,0.03238849035476175,0.01323096583601622,0
estimated,DML shrink k20 both,precision k100,OK,87,962605420.9266902,815737774.4905702,0.026374663311167963,0.011682385495842116,0
estimated,DML shrink k20 both,precision k100,PR,463,815986931.4985981,793468188.9820338,0.0625516610953971,0.06391669714986987,0
estimated,DML shrink k20 both,precision k100,SM,401,574061210.1478311,597135287.8293663,0.07735302843528319,0.07355877532066384,0
estimated,DML shrink k20 both,precision k20 sensitivity,CC,524,575979829.3521701,580158531.716934,0.08883691936256011,0.0970083213624805,0
estimated,DML shrink k20 both,precision k20 sensitivity,CI,190,549405500.6208304,562805127.2174501,0.05514336760473101,0.03625934391475357,0
estimated,DML shrink k20 both,precision k20 sensitivity,CV,788,615823328.8354101,617647573.4381387,0.10232856854797005,0.13702817190989594,0
estimated,DML shrink k20 both,precision k20 sensitivity,HF,234,381044231.04897755,405422679.07320917,0.08495215872655194,0.06199150843433087,0
estimated,DML shrink k20 both,precision k20 sensitivity,IN,1392,872293073.6708573,869701132.1383932,0.0965882087226037,0.17190700964683428,0
estimated,DML shrink k20 both,precision k20 sensitivity,JC,81,575866730.1932875,598579703.8657314,0.03385283559443813,0.014534075695049279,0
estimated,DML shrink k20 both,precision k20 sensitivity,JK,353,513879396.9001087,523317687.31168926,0.08083444650869731,0.07244921394203091,0
estimated,DML shrink k20 both,precision k20 sensitivity,LC,485,764899613.9630349,761904851.4468632,0.06507956779576159,0.0683699694025921,0
estimated,DML shrink k20 both,precision k20 sensitivity,MD,177,1076282306.084313,1036807744.0915776,0.02889102369989001,0.018335781284565197,0
estimated,DML shrink k20 both,precision k20 sensitivity,MN,179,734433943.5122219,729888252.1024528,0.04127096955937873,0.02634031979315595,0
estimated,DML shrink k20 both,precision k20 sensitivity,MT,38,806847903.9408774,765649200.2968879,0.018127440769854532,0.005330625215007387,0
estimated,DML shrink k20 both,precision k20 sensitivity,NE,636,520311152.75427324,525475135.8321735,0.1080565049719117,0.12999580281343087,0
estimated,DML shrink k20 both,precision k20 sensitivity,OH,74,507438262.7653567,546576614.5481848,0.03543556349200636,0.014541361102022358,0
estimated,DML shrink k20 both,precision k20 sensitivity,OK,87,962605420.9266902,911063190.290618,0.023050781595750774,0.01025640444769028,0
estimated,DML shrink k20 both,precision k20 sensitivity,PR,463,815986931.4985981,810735672.870254,0.059756581192315146,0.06133750328614312,0
estimated,DML shrink k20 both,precision k20 sensitivity,SM,401,574061210.1478311,579555038.1672442,0.07779506185557901,0.07431458775001742,0
p23,DML shrink k20,current,CC,524,627749796.9366841,627749796.9366841,0.0625,0.08040330068161473,1
p23,DML shrink k20,current,CI,190,572280829.5159954,572280829.5159954,0.0625,0.04841556836892416,1
p23,DML shrink k20,current,CV,788,648682865.3691763,648682865.3691763,0.0625,0.09859873494605731,1
p23,DML shrink k20,current,HF,234,416581767.3681974,416581767.3681974,0.0625,0.05372991614761826,1
p23,DML shrink k20,current,IN,1392,890419590.3604565,890419590.3604565,0.0625,0.13104723187494913,1
p23,DML shrink k20,current,JC,81,629670827.6472036,629670827.6472036,0.0625,0.031611910488508796,1
p23,DML shrink k20,current,JK,353,525522783.902969,525522783.902969,0.0625,0.06599265281878564,1
p23,DML shrink k20,current,LC,485,760558409.2118205,760558409.2118205,0.0625,0.0773533458377408,1
p23,DML shrink k20,current,MD,177,940660051.7963805,940660051.7963805,0.0625,0.04672990168066158,1
p23,DML shrink k20,current,MN,179,763032915.5560576,763032915.5560576,0.0625,0.0469931708155551,1
p23,DML shrink k20,current,MT,38,881911368.0872166,881911368.0872166,0.0625,0.021652100408440605,1
p23,DML shrink k20,current,NE,636,515109585.00920045,515109585.00920045,0.0625,0.08858022761640483,1
p23,DML shrink k20,current,OH,74,506685106.31265247,506685106.31265247,0.0625,0.030215104037198782,1
p23,DML shrink k20,current,OK,87,940115893.026692,940115893.026692,0.0625,0.03276180796873728,1
p23,DML shrink k20,current,PR,463,833392309.3998185,833392309.3998185,0.0625,0.0755785802851646,1
p23,DML shrink k20,current,SM,401,653384556.8076786,653384556.8076786,0.0625,0.07033644602363827,1
p23,DML shrink k20,size,CC,524,627749796.9366841,,0.08040330068161473,0.08587348410357261,1
p23,DML shrink k20,size,CI,190,572280829.5159954,,0.04841556836892416,0.03113733202228778,1
p23,DML shrink k20,size,CV,788,648682865.3691763,,0.09859873494605731,0.1291379875450672,1
p23,DML shrink k20,size,HF,234,416581767.3681974,,0.05372991614761826,0.03834808259587021,1
p23,DML shrink k20,size,IN,1392,890419590.3604565,,0.13104723187494913,0.22812192723697153,1
p23,DML shrink k20,size,JC,81,629670827.6472036,,0.031611910488508796,0.013274336283185844,1
p23,DML shrink k20,size,JK,353,525522783.902969,,0.06599265281878564,0.05784988528351361,1
p23,DML shrink k20,size,LC,485,760558409.2118205,,0.0773533458377408,0.07948213700426089,1
p23,DML shrink k20,size,MD,177,940660051.7963805,,0.04672990168066158,0.029006882989183875,1
p23,DML shrink k20,size,MN,179,763032915.5560576,,0.0469931708155551,0.02933464437889217,1
p23,DML shrink k20,size,MT,38,881911368.0872166,,0.021652100408440605,0.006227466404457554,1
p23,DML shrink k20,size,NE,636,515109585.00920045,,0.08858022761640483,0.10422812192723699,1
p23,DML shrink k20,size,OH,74,506685106.31265247,,0.030215104037198782,0.012127171419206818,1
p23,DML shrink k20,size,OK,87,940115893.026692,,0.03276180796873728,0.01425762045231072,1
p23,DML shrink k20,size,PR,463,833392309.3998185,,0.0755785802851646,0.07587676171746968,1
p23,DML shrink k20,size,SM,401,653384556.8076786,,0.07033644602363827,0.06571615863651264,1
p23,DML shrink k20,precision k100,CC,524,627749796.9366841,640697649.099286,0.08513377241780072,0.09254430826887249,1
p23,DML shrink k20,precision k100,CI,190,572280829.5159954,619386049.7214273,0.05302793874410997,0.03471072927993313,1
p23,DML shrink k20,precision k100,CV,788,648682865.3691763,655417031.1572843,0.10205510911656518,0.13604420656943303,1
p23,DML shrink k20,precision k100,HF,234,416581767.3681974,504219349.5127908,0.07228992696707387,0.05251313022592754,1
p23,DML shrink k20,precision k100,IN,1392,890419590.3604565,878212704.0793859,0.10123000713721667,0.17935400422003783,1
p23,DML shrink k20,precision k100,JC,81,629670827.6472036,673417543.3485869,0.03184545427093762,0.013610439513649096,1
p23,DML shrink k20,precision k100,JK,353,525522783.902969,565985644.9664036,0.07909905616833834,0.07057336834978264,1
p23,DML shrink k20,precision k100,LC,485,760558409.2118205,751629728.8518672,0.06981621255502787,0.07301453882350241,1
p23,DML shrink k20,precision k100,MD,177,940660051.7963805,856513263.4316388,0.03701194479194129,0.023383565405233075,1
p23,DML shrink k20,precision k100,MN,179,763032915.5560576,743386153.0933367,0.04288460490138166,0.027246462271899592,1
p23,DML shrink k20,precision k100,MT,38,881911368.0872166,755271621.9722364,0.01944813659998837,0.005693141610565628,1
p23,DML shrink k20,precision k100,NE,636,515109585.00920045,541409630.0296757,0.11099206886688004,0.1329237841200264,1
p23,DML shrink k20,precision k100,OH,74,506685106.31265247,623291932.6693237,0.03288620192880799,0.01343419880791979,1
p23,DML shrink k20,precision k100,OK,87,940115893.026692,815545475.2218542,0.027252152394618635,0.012070982690350363,1
p23,DML shrink k20,precision k100,PR,463,833392309.3998185,811154339.0279102,0.0632086281822706,0.06458758593964152,1
p23,DML shrink k20,precision k100,SM,401,653384556.8076786,664390628.6280816,0.07181878495704111,0.06829555390322536,1
p23,DML shrink k20,precision k20 sensitivity,CC,524,627749796.9366841,630720887.8749164,0.0846902947163233,0.09241309144208307,1
p23,DML shrink k20,precision k20 sensitivity,CI,190,572280829.5159954,585308014.8168278,0.054953776617818945,0.036108425833035245,1
p23,DML shrink k20,precision k20 sensitivity,CV,788,648682865.3691763,650163213.5857939,0.10075020304138813,0.13481656260332284,1
p23,DML shrink k20,precision k20 sensitivity,HF,234,416581767.3681974,439651581.48214966,0.08119036683642088,0.0592033992878435,1
p23,DML shrink k20,precision k20 sensitivity,IN,1392,890419590.3604565,887839793.4157256,0.0980596245012832,0.17439902576383282,1
p23,DML shrink k20,precision k20 sensitivity,JC,81,629670827.6472036,645419645.2997016,0.032539100536146774,0.013959898615526527,1
p23,DML shrink k20,precision k20 sensitivity,JK,353,525522783.902969,535355694.2259112,0.08189363358671232,0.07334520127622271,1
p23,DML shrink k20,precision k20 sensitivity,LC,485,760558409.2118205,758489222.9696726,0.06775270976667805,0.0711265509966298,1
p23,DML shrink k20,precision k20 sensitivity,MD,177,940660051.7963805,916961568.542637,0.033856395069602294,0.021471459097858286,1
p23,DML shrink k20,precision k20 sensitivity,MN,179,763032915.5560576,757515945.8948087,0.041213542980552194,0.02628455794167291,1
p23,DML shrink k20,precision k20 sensitivity,MT,38,881911368.0872166,821035419.9547524,0.017520041062868107,0.005148267791822976,1
p23,DML shrink k20,precision k20 sensitivity,NE,636,515109585.00920045,521012037.86112386,0.1129499426619751,0.13578405797147491,1
p23,DML shrink k20,precision k20 sensitivity,OH,74,506685106.31265247,550067861.0647043,0.036492599719515184,0.014964247216194854,1
p23,DML shrink k20,precision k20 sensitivity,OK,87,940115893.026692,896398727.5329188,0.024280834545374146,0.010795865043799589,1
p23,DML shrink k20,precision k20 sensitivity,PR,463,833392309.3998185,828206525.4375727,0.06062574132910002,0.06218444587716065,1
p23,DML shrink k20,precision k20 sensitivity,SM,401,653384556.8076786,656005050.0982507,0.07123119302824142,0.06799494324151924,1
estimated,DML shrink k20 both,current,CC,524,559816855.1184976,559816855.1184976,0.0625,0.08040330068161473,1
estimated,DML shrink k20 both,current,CI,190,585608796.9776334,585608796.9776334,0.0625,0.04841556836892416,1
estimated,DML shrink k20 both,current,CV,788,631349126.2381505,631349126.2381505,0.0625,0.09859873494605731,1
estimated,DML shrink k20 both,current,HF,234,395268538.19683665,395268538.19683665,0.0625,0.05372991614761826,1
estimated,DML shrink k20 both,current,IN,1392,864213441.0538231,864213441.0538231,0.0625,0.13104723187494913,1
estimated,DML shrink k20 both,current,JC,81,633611047.5644346,633611047.5644346,0.0625,0.031611910488508796,1
estimated,DML shrink k20 both,current,JK,353,554212155.7433805,554212155.7433805,0.0625,0.06599265281878564,1
estimated,DML shrink k20 both,current,LC,485,672608880.4573897,672608880.4573897,0.0625,0.0773533458377408,1
estimated,DML shrink k20 both,current,MD,177,972002386.2748777,972002386.2748777,0.0625,0.04672990168066158,1
estimated,DML shrink k20 both,current,MN,179,825540390.7870597,825540390.7870597,0.0625,0.0469931708155551,1
estimated,DML shrink k20 both,current,MT,38,894076651.7433622,894076651.7433622,0.0625,0.021652100408440605,1
estimated,DML shrink k20 both,current,NE,636,506475998.0130479,506475998.0130479,0.0625,0.08858022761640483,1
estimated,DML shrink k20 both,current,OH,74,474957814.72405577,474957814.72405577,0.0625,0.030215104037198782,1
estimated,DML shrink k20 both,current,OK,87,910942020.9802893,910942020.9802893,0.0625,0.03276180796873728,1
estimated,DML shrink k20 both,current,PR,463,728733982.1408298,728733982.1408298,0.0625,0.0755785802851646,1
estimated,DML shrink k20 both,current,SM,401,617123931.0157814,617123931.0157814,0.0625,0.07033644602363827,1
estimated,DML shrink k20 both,size,CC,524,559816855.1184976,,0.08040330068161473,0.08587348410357261,1
estimated,DML shrink k20 both,size,CI,190,585608796.9776334,,0.04841556836892416,0.03113733202228778,1
estimated,DML shrink k20 both,size,CV,788,631349126.2381505,,0.09859873494605731,0.1291379875450672,1
estimated,DML shrink k20 both,size,HF,234,395268538.19683665,,0.05372991614761826,0.03834808259587021,1
estimated,DML shrink k20 both,size,IN,1392,864213441.0538231,,0.13104723187494913,0.22812192723697153,1
estimated,DML shrink k20 both,size,JC,81,633611047.5644346,,0.031611910488508796,0.013274336283185844,1
estimated,DML shrink k20 both,size,JK,353,554212155.7433805,,0.06599265281878564,0.05784988528351361,1
estimated,DML shrink k20 both,size,LC,485,672608880.4573897,,0.0773533458377408,0.07948213700426089,1
estimated,DML shrink k20 both,size,MD,177,972002386.2748777,,0.04672990168066158,0.029006882989183875,1
estimated,DML shrink k20 both,size,MN,179,825540390.7870597,,0.0469931708155551,0.02933464437889217,1
estimated,DML shrink k20 both,size,MT,38,894076651.7433622,,0.021652100408440605,0.006227466404457554,1
estimated,DML shrink k20 both,size,NE,636,506475998.0130479,,0.08858022761640483,0.10422812192723699,1
estimated,DML shrink k20 both,size,OH,74,474957814.72405577,,0.030215104037198782,0.012127171419206818,1
estimated,DML shrink k20 both,size,OK,87,910942020.9802893,,0.03276180796873728,0.01425762045231072,1
estimated,DML shrink k20 both,size,PR,463,728733982.1408298,,0.0755785802851646,0.07587676171746968,1
estimated,DML shrink k20 both,size,SM,401,617123931.0157814,,0.07033644602363827,0.06571615863651264,1
estimated,DML shrink k20 both,precision k100,CC,524,559816855.1184976,579019221.45409,0.09049964713462887,0.09812099792488653,1
estimated,DML shrink k20 both,precision k100,CI,190,585608796.9776334,618078970.130438,0.05105132951058342,0.03332984426035613,1
estimated,DML shrink k20 both,precision k100,CV,788,631349126.2381505,636771727.2698402,0.1009144969736993,0.1341732982089303,1
estimated,DML shrink k20 both,precision k100,HF,234,395268538.19683665,480607595.0113718,0.07286039518678016,0.052789661634427804,1
estimated,DML shrink k20 both,precision k100,IN,1392,864213441.0538231,851821365.6906719,0.10026406588790504,0.17717986107578987,1
estimated,DML shrink k20 both,precision k100,JC,81,633611047.5644346,659075797.4671034,0.03125945263302191,0.013325186790923581,1
estimated,DML shrink k20 both,precision k100,JK,353,554212155.7433805,581919111.8597208,0.07390927722483254,0.0657711953658064,1
estimated,DML shrink k20 both,precision k100,LC,485,672608880.4573897,673779893.6306515,0.07482160942955512,0.07804540563459,1
estimated,DML shrink k20 both,precision k100,MD,177,972002386.2748777,866004274.359791,0.035167445332406955,0.022160363572407357,1
estimated,DML shrink k20 both,precision k100,MN,179,825540390.7870597,772989026.2554693,0.03962118044158631,0.025107493159288664,1
estimated,DML shrink k20 both,precision k100,MT,38,894076651.7433622,737413108.4191843,0.01913617651290749,0.005587227994688267,1
estimated,DML shrink k20 both,precision k100,NE,636,506475998.0130479,530009548.94858396,0.1089228727774865,0.13010592420221162,1
estimated,DML shrink k20 both,precision k100,OH,74,474957814.72405577,593160001.2357221,0.03319848198661048,0.013526440075969355,1
estimated,DML shrink k20 both,precision k100,OK,87,910942020.9802893,786482653.4582189,0.027148428881042047,0.011993715831718644,1
estimated,DML shrink k20 both,precision k100,PR,463,728733982.1408298,719964162.7900128,0.06841539513286775,0.06972584115857976,1
estimated,DML shrink k20 both,precision k100,SM,401,617123931.0157814,629588664.2904727,0.07280974495408611,0.06905754310942579,1
estimated,DML shrink k20 both,precision k20 sensitivity,CC,524,559816855.1184976,564223143.9682487,0.09118181206152863,0.09911050450467503,1
estimated,DML shrink k20 both,precision k20 sensitivity,CI,190,585608796.9776334,594588586.4907056,0.052101917142309474,0.034101723518407456,1
estimated,DML shrink k20 both,precision k20 sensitivity,CV,788,631349126.2381505,632541157.7412754,0.09973963886851672,0.13294644379152795,1
estimated,DML shrink k20 both,precision k20 sensitivity,HF,234,395268538.19683665,417733285.9590819,0.08230047054829194,0.05978002214970266,1
estimated,DML shrink k20 both,precision k20 sensitivity,IN,1392,864213441.0538231,861594506.3456078,0.0973218079580514,0.17241522393193642,1
estimated,DML shrink k20 both,precision k20 sensitivity,JC,81,633611047.5644346,642778357.5293953,0.031468405344969454,0.013448166263333313,1
estimated,DML shrink k20 both,precision k20 sensitivity,JK,353,554212155.7433805,560945244.0039105,0.0752766622466948,0.0671573470481342,1
estimated,DML shrink k20 both,precision k20 sensitivity,LC,485,672608880.4573897,672880258.1134156,0.07355743125238255,0.07692070366646524,1
estimated,DML shrink k20 both,precision k20 sensitivity,MD,177,972002386.2748777,942149856.7967513,0.03173657956713087,0.020048993560761,1
estimated,DML shrink k20 both,precision k20 sensitivity,MN,179,825540390.7870597,810783542.9690979,0.03708643281041702,0.023560657309167912,1
estimated,DML shrink k20 both,precision k20 sensitivity,MT,38,894076651.7433622,818768211.6191082,0.01692093266033734,0.004952926920211061,1
estimated,DML shrink k20 both,precision k20 sensitivity,NE,636,506475998.0130479,511757573.5665194,0.11075357434012252,0.13262705724801713,1
estimated,DML shrink k20 both,precision k20 sensitivity,OH,74,474957814.72405577,518934112.07140684,0.037256076075864904,0.015218042626533018,1
estimated,DML shrink k20 both,precision k20 sensitivity,OK,87,910942020.9802893,867263827.8499025,0.024171403323762167,0.010705508878883371,1
estimated,DML shrink k20 both,precision k20 sensitivity,PR,463,728733982.1408298,726688903.9353696,0.06654806597032792,0.06799418281740208,1
estimated,DML shrink k20 both,precision k20 sensitivity,SM,401,617123931.0157814,620091724.6526127,0.07257878982929236,0.0690124957648422,1
p23,DML shrink k20,current,CC,524,614115419.8937112,614115419.8937112,0.0625,0.08040330068161473,2
p23,DML shrink k20,current,CI,190,574821516.2468193,574821516.2468193,0.0625,0.04841556836892416,2
p23,DML shrink k20,current,CV,788,644686453.9355907,644686453.9355907,0.0625,0.09859873494605731,2
p23,DML shrink k20,current,HF,234,429080155.8068096,429080155.8068096,0.0625,0.05372991614761826,2
p23,DML shrink k20,current,IN,1392,872293488.748107,872293488.748107,0.0625,0.13104723187494913,2
p23,DML shrink k20,current,JC,81,619989384.7307184,619989384.7307184,0.0625,0.031611910488508796,2
p23,DML shrink k20,current,JK,353,553808953.6664462,553808953.6664462,0.0625,0.06599265281878564,2
p23,DML shrink k20,current,LC,485,780607105.5523094,780607105.5523094,0.0625,0.0773533458377408,2
p23,DML shrink k20,current,MD,177,954370996.1389575,954370996.1389575,0.0625,0.04672990168066158,2
p23,DML shrink k20,current,MN,179,772726432.8691489,772726432.8691489,0.0625,0.0469931708155551,2
p23,DML shrink k20,current,MT,38,814167726.8726131,814167726.8726131,0.0625,0.021652100408440605,2
p23,DML shrink k20,current,NE,636,532185559.2467645,532185559.2467645,0.0625,0.08858022761640483,2
p23,DML shrink k20,current,OH,74,453412481.6190065,453412481.6190065,0.0625,0.030215104037198782,2
p23,DML shrink k20,current,OK,87,906469942.073284,906469942.073284,0.0625,0.03276180796873728,2
p23,DML shrink k20,current,PR,463,833749820.9737749,833749820.9737749,0.0625,0.0755785802851646,2
p23,DML shrink k20,current,SM,401,656616686.5252389,656616686.5252389,0.0625,0.07033644602363827,2
p23,DML shrink k20,size,CC,524,614115419.8937112,,0.08040330068161473,0.08587348410357261,2
p23,DML shrink k20,size,CI,190,574821516.2468193,,0.04841556836892416,0.03113733202228778,2
p23,DML shrink k20,size,CV,788,644686453.9355907,,0.09859873494605731,0.1291379875450672,2
p23,DML shrink k20,size,HF,234,429080155.8068096,,0.05372991614761826,0.03834808259587021,2
p23,DML shrink k20,size,IN,1392,872293488.748107,,0.13104723187494913,0.22812192723697153,2
p23,DML shrink k20,size,JC,81,619989384.7307184,,0.031611910488508796,0.013274336283185844,2
p23,DML shrink k20,size,JK,353,553808953.6664462,,0.06599265281878564,0.05784988528351361,2
p23,DML shrink k20,size,LC,485,780607105.5523094,,0.0773533458377408,0.07948213700426089,2
p23,DML shrink k20,size,MD,177,954370996.1389575,,0.04672990168066158,0.029006882989183875,2
p23,DML shrink k20,size,MN,179,772726432.8691489,,0.0469931708155551,0.02933464437889217,2
p23,DML shrink k20,size,MT,38,814167726.8726131,,0.021652100408440605,0.006227466404457554,2
p23,DML shrink k20,size,NE,636,532185559.2467645,,0.08858022761640483,0.10422812192723699,2
p23,DML shrink k20,size,OH,74,453412481.6190065,,0.030215104037198782,0.012127171419206818,2
p23,DML shrink k20,size,OK,87,906469942.073284,,0.03276180796873728,0.01425762045231072,2
p23,DML shrink k20,size,PR,463,833749820.9737749,,0.0755785802851646,0.07587676171746968,2
p23,DML shrink k20,size,SM,401,656616686.5252389,,0.07033644602363827,0.06571615863651264,2
p23,DML shrink k20,precision k100,CC,524,614115419.8937112,629091937.325789,0.086958796597005,0.09446855289827835,2
p23,DML shrink k20,precision k100,CI,190,574821516.2468193,620703041.2463821,0.053070713180354064,0.03471681079436386,2
p23,DML shrink k20,precision k100,CV,788,644686453.9355907,651758908.2264549,0.10292908915284764,0.1371226938375514,2
p23,DML shrink k20,precision k100,HF,234,429080155.8068096,512665431.38901573,0.07130761172715244,0.05176687132733023,2
p23,DML shrink k20,precision k100,IN,1392,872293488.748107,861235516.5648372,0.10352844307669291,0.18331052394853814,2
p23,DML shrink k20,precision k100,JC,81,619989384.7307184,668561461.8222948,0.03217089678779384,0.01374085557778911,2
p23,DML shrink k20,precision k100,JK,353,553808953.6664462,587793504.5135944,0.07638789928548147,0.06811143303476669,2
p23,DML shrink k20,precision k100,LC,485,780607105.5523094,768074916.8439612,0.06852188212731179,0.07161570160592676,2
p23,DML shrink k20,precision k100,MD,177,954370996.1389575,864895679.963812,0.03676079559071624,0.023210240116813028,2
p23,DML shrink k20,precision k100,MN,179,772726432.8691489,749234594.9649788,0.042674720954505925,0.02709600749125002,2
p23,DML shrink k20,precision k100,MT,38,814167726.8726131,736249038.276221,0.020009169098280443,0.005853679644292405,2
p23,DML shrink k20,precision k100,NE,636,532185559.2467645,556026860.5051035,0.10839138921783818,0.12972731772194912,2
p23,DML shrink k20,precision k100,OH,74,453412481.6190065,600237130.1025611,0.03424956023908771,0.01398231100035468,2
p23,DML shrink k20,precision k100,OK,87,906469942.073284,799453372.9454733,0.027882292817091623,0.012342303122923809,2
p23,DML shrink k20,precision k100,PR,463,833749820.9737749,811271049.1804975,0.06338500282915123,0.0647269447364278,2
p23,DML shrink k20,precision k100,SM,401,656616686.5252389,666777173.9193022,0.07177173731868952,0.0682077531414446,2
p23,DML shrink k20,precision k20 sensitivity,CC,524,614115419.8937112,617552020.3946999,0.08675077033872505,0.09471947495618073,2
p23,DML shrink k20,precision k20 sensitivity,CI,190,574821516.2468193,587510282.4907175,0.05490887830628631,0.036101036483325535,2
p23,DML shrink k20,precision k20 sensitivity,CV,788,644686453.9355907,646241166.9358377,0.101659912621812,0.13611724153886226,2
p23,DML shrink k20,precision k20 sensitivity,HF,234,429080155.8068096,451083236.2565128,0.07936563301571706,0.057908286150644216,2
p23,DML shrink k20,precision k20 sensitivity,IN,1392,872293488.748107,869956502.7062564,0.10036986091060517,0.1786171841353934,2
p23,DML shrink k20,precision k20 sensitivity,JC,81,619989384.7307184,637475332.483686,0.033041546693549306,0.014184145471176,2
p23,DML shrink k20,precision k20 sensitivity,JK,353,553808953.6664462,562067564.9475812,0.07823121436556153,0.07010802341052347,2
p23,DML shrink k20,precision k20 sensitivity,LC,485,780607105.5523094,777702820.5500573,0.06627327594029946,0.0696160866492314,2
p23,DML shrink k20,precision k20 sensitivity,MD,177,954370996.1389575,929171825.4610595,0.033509800633098275,0.021264676283462024,2
p23,DML shrink k20,precision k20 sensitivity,MN,179,772726432.8691489,766129734.9526244,0.04087007553951814,0.026081481354679806,2
p23,DML shrink k20,precision k20 sensitivity,MT,38,814167726.8726131,776712076.5648737,0.018574322591708388,0.005461413767719311,2
p23,DML shrink k20,precision k20 sensitivity,NE,636,532185559.2467645,537536202.4299337,0.10979993484725434,0.13207813832296228,2
p23,DML shrink k20,precision k20 sensitivity,OH,74,453412481.6190065,508037565.8935333,0.03962791991815027,0.0162598837060248,2
p23,DML shrink k20,precision k20 sensitivity,OK,87,906469942.073284,868913183.8510712,0.025122594177909654,0.011176978301860725,2
p23,DML shrink k20,precision k20 sensitivity,PR,463,833749820.9737749,828507883.3190771,0.06078201505344893,0.0623829470946292,2
p23,DML shrink k20,precision k20 sensitivity,SM,401,656616686.5252389,659035850.190492,0.07111224504635623,0.06792300237332485,2
estimated,DML shrink k20 both,current,CC,524,586826931.9298686,586826931.9298686,0.0625,0.08040330068161473,2
estimated,DML shrink k20 both,current,CI,190,556481041.5028859,556481041.5028859,0.0625,0.04841556836892416,2
estimated,DML shrink k20 both,current,CV,788,637982997.0003589,637982997.0003589,0.0625,0.09859873494605731,2
estimated,DML shrink k20 both,current,HF,234,403808546.246753,403808546.246753,0.0625,0.05372991614761826,2
estimated,DML shrink k20 both,current,IN,1392,838055928.5712304,838055928.5712304,0.0625,0.13104723187494913,2
estimated,DML shrink k20 both,current,JC,81,590454019.1261761,590454019.1261761,0.0625,0.031611910488508796,2
estimated,DML shrink k20 both,current,JK,353,564516212.9949826,564516212.9949826,0.0625,0.06599265281878564,2
estimated,DML shrink k20 both,current,LC,485,723965607.985652,723965607.985652,0.0625,0.0773533458377408,2
estimated,DML shrink k20 both,current,MD,177,953952304.4395076,953952304.4395076,0.0625,0.04672990168066158,2
estimated,DML shrink k20 both,current,MN,179,785573526.7545152,785573526.7545152,0.0625,0.0469931708155551,2
estimated,DML shrink k20 both,current,MT,38,804232835.5988213,804232835.5988213,0.0625,0.021652100408440605,2
estimated,DML shrink k20 both,current,NE,636,501096380.70764893,501096380.70764893,0.0625,0.08858022761640483,2
estimated,DML shrink k20 both,current,OH,74,420441887.7248533,420441887.7248533,0.0625,0.030215104037198782,2
estimated,DML shrink k20 both,current,OK,87,845225788.1847305,845225788.1847305,0.0625,0.03276180796873728,2
estimated,DML shrink k20 both,current,PR,463,804096930.5036267,804096930.5036267,0.0625,0.0755785802851646,2
estimated,DML shrink k20 both,current,SM,401,619584902.9251512,619584902.9251512,0.0625,0.07033644602363827,2
estimated,DML shrink k20 both,size,CC,524,586826931.9298686,,0.08040330068161473,0.08587348410357261,2
estimated,DML shrink k20 both,size,CI,190,556481041.5028859,,0.04841556836892416,0.03113733202228778,2
estimated,DML shrink k20 both,size,CV,788,637982997.0003589,,0.09859873494605731,0.1291379875450672,2
estimated,DML shrink k20 both,size,HF,234,403808546.246753,,0.05372991614761826,0.03834808259587021,2
estimated,DML shrink k20 both,size,IN,1392,838055928.5712304,,0.13104723187494913,0.22812192723697153,2
estimated,DML shrink k20 both,size,JC,81,590454019.1261761,,0.031611910488508796,0.013274336283185844,2
estimated,DML shrink k20 both,size,JK,353,564516212.9949826,,0.06599265281878564,0.05784988528351361,2
estimated,DML shrink k20 both,size,LC,485,723965607.985652,,0.0773533458377408,0.07948213700426089,2
estimated,DML shrink k20 both,size,MD,177,953952304.4395076,,0.04672990168066158,0.029006882989183875,2
estimated,DML shrink k20 both,size,MN,179,785573526.7545152,,0.0469931708155551,0.02933464437889217,2
estimated,DML shrink k20 both,size,MT,38,804232835.5988213,,0.021652100408440605,0.006227466404457554,2
estimated,DML shrink k20 both,size,NE,636,501096380.70764893,,0.08858022761640483,0.10422812192723699,2
estimated,DML shrink k20 both,size,OH,74,420441887.7248533,,0.030215104037198782,0.012127171419206818,2
estimated,DML shrink k20 both,size,OK,87,845225788.1847305,,0.03276180796873728,0.01425762045231072,2
estimated,DML shrink k20 both,size,PR,463,804096930.5036267,,0.0755785802851646,0.07587676171746968,2
estimated,DML shrink k20 both,size,SM,401,619584902.9251512,,0.07033644602363827,0.06571615863651264,2
estimated,DML shrink k20 both,precision k100,CC,524,586826931.9298686,602052962.1607021,0.08754207483108332,0.09505944939342663,2
estimated,DML shrink k20 both,precision k100,CI,190,556481041.5028859,599804245.2278256,0.05291187539787906,0.034597344869016645,2
estimated,DML shrink k20 both,precision k100,CV,788,637982997.0003589,642909953.4003141,0.10053073294082521,0.13386738287980968,2
estimated,DML shrink k20 both,precision k100,HF,234,403808546.246753,487254958.8657346,0.07228322995162528,0.05245154614524954,2
estimated,DML shrink k20 both,precision k100,IN,1392,838055928.5712304,827568280.7977047,0.10380103183950905,0.18371055264921196,2
estimated,DML shrink k20 both,precision k100,JC,81,590454019.1261761,641137953.0938348,0.03232041382065682,0.013798511424706261,2
estimated,DML shrink k20 both,precision k100,JK,353,564516212.9949826,590438533.1881196,0.07326533667337064,0.06529782530800961,2
estimated,DML shrink k20 both,precision k100,LC,485,723965607.985652,716725795.020294,0.07074629877571878,0.07390731220150473,2
estimated,DML shrink k20 both,precision k100,MD,177,953952304.4395076,855304766.6961938,0.03581390113434203,0.0226022190152253,2
estimated,DML shrink k20 both,precision k100,MN,179,785573526.7545152,748203589.169424,0.0411711139705189,0.026129551101725917,2
estimated,DML shrink k20 both,precision k100,MT,38,804232835.5988213,714781933.8974639,0.019856564952396582,0.005806423845352575,2
estimated,DML shrink k20 both,precision k100,NE,636,501096380.70764893,525666274.5253785,0.11045982041236503,0.13214346971557328,2
estimated,DML shrink k20 both,precision k100,OH,74,420441887.7248533,571449525.0330085,0.03465962610464097,0.014143358460029204,2
estimated,DML shrink k20 both,precision k100,OK,87,845225788.1847305,757300687.1542096,0.028358102310475638,0.012547280492344414,2
estimated,DML shrink k20 both,precision k100,PR,463,804096930.5036267,782315466.048882,0.0633278099179645,0.0646394689525116,2
estimated,DML shrink k20 both,precision k100,SM,401,619584902.9251512,632004942.3937134,0.07295206696662818,0.06929830354630258,2
estimated,DML shrink k20 both,precision k20 sensitivity,CC,524,586826931.9298686,590320787.1172754,0.08737391981074688,0.09538567574579829,2
estimated,DML shrink k20 both,precision k20 sensitivity,CI,190,556481041.5028859,568462291.1454769,0.05463606234774428,0.03591632477253972,2
estimated,DML shrink k20 both,precision k20 sensitivity,CV,788,637982997.0003589,639066072.6699402,0.09897410869002715,0.1325013813008432,2
estimated,DML shrink k20 both,precision k20 sensitivity,HF,234,403808546.246753,425775072.25633466,0.0809528140234214,0.05905757039122218,2
estimated,DML shrink k20 both,precision k20 sensitivity,IN,1392,838055928.5712304,835839474.5910281,0.10057753610730316,0.17896013863541155,2
estimated,DML shrink k20 both,precision k20 sensitivity,JC,81,590454019.1261761,608700235.3545332,0.033315266552047286,0.014299521312985397,2
estimated,DML shrink k20 both,precision k20 sensitivity,JK,353,564516212.9949826,570815615.5365406,0.07416444650420403,0.06645364546932915,2
estimated,DML shrink k20 both,precision k20 sensitivity,LC,485,723965607.985652,722287810.0603468,0.0687012812426064,0.0721558261263158,2
estimated,DML shrink k20 both,precision k20 sensitivity,MD,177,953952304.4395076,926169936.6669008,0.03236683292459352,0.020536315925065413,2
estimated,DML shrink k20 both,precision k20 sensitivity,MN,179,785573526.7545152,775079746.301328,0.03889415849663365,0.024816846400375635,2
estimated,DML shrink k20 both,precision k20 sensitivity,MT,38,804232835.5988213,761233630.2195724,0.018246437521021914,0.005364207638549499,2
estimated,DML shrink k20 both,precision k20 sensitivity,NE,636,501096380.70764893,506610540.0835363,0.11216531732406859,0.13490338425296958,2
estimated,DML shrink k20 both,precision k20 sensitivity,OH,74,420441887.7248533,476623223.75562924,0.040667260031734626,0.016683857435476884,2
estimated,DML shrink k20 both,precision k20 sensitivity,OK,87,845225788.1847305,814369054.615529,0.025807302739197614,0.011479895647586566,2
estimated,DML shrink k20 both,precision k20 sensitivity,PR,463,804096930.5036267,799017601.448205,0.060678998148178676,0.06226795383512634,2
estimated,DML shrink k20 both,precision k20 sensitivity,SM,401,619584902.9251512,622542055.1795707,0.07247825753647073,0.06921745511040488,2
