design,method,weighting,metric,difference,mc_se,mc_lo,mc_hi
normal_equal,oracle,current,coverage,0.0,0.0,0.0,0.0
normal_equal,oracle,current,power,0.0,0.0,0.0,0.0
normal_equal,oracle,size,coverage,-0.005,0.00574525961188944,-0.016260708839303303,0.006260708839303302
normal_equal,oracle,size,power,0.062,0.011057950907753128,0.040326416220803865,0.08367358377919613
normal_equal,oracle,precision k100,coverage,-0.006,0.005830780222062739,-0.01742832923524297,0.005428329235242968
normal_equal,oracle,precision k100,power,0.063,0.011097484136242512,0.04124893109296468,0.08475106890703532
normal_equal,oracle,precision k20,coverage,-0.006,0.005656500331123123,-0.01708674064900132,0.005086740649001321
normal_equal,oracle,precision k20,power,0.059,0.01102908158645318,0.03738300009055176,0.08061699990944823
normal_equal,oracle,oracle precision,coverage,-0.005,0.00574525961188944,-0.016260708839303303,0.006260708839303302
normal_equal,oracle,oracle precision,power,0.062,0.011057950907753128,0.040326416220803865,0.08367358377919613
normal_equal,shrink known p,current,coverage,0.0,0.0,0.0,0.0
normal_equal,shrink known p,current,power,0.0,0.0,0.0,0.0
normal_equal,shrink known p,size,coverage,0.004,0.009388518976769143,-0.014401497194467521,0.02240149719446752
normal_equal,shrink known p,size,power,0.066,0.014823206633850167,0.036946514997653675,0.09505348500234634
normal_equal,shrink known p,precision k100,coverage,0.002,0.009600851665628981,-0.016817669264632802,0.020817669264632806
normal_equal,shrink known p,precision k100,power,0.072,0.015430755536682762,0.04175571914810178,0.10224428085189821
normal_equal,shrink known p,precision k20,coverage,0.002,0.009600851665628981,-0.016817669264632802,0.020817669264632806
normal_equal,shrink known p,precision k20,power,0.068,0.015467076676665296,0.03768452971373602,0.09831547028626399
normal_equal,shrink known p,oracle precision,coverage,0.004,0.009388518976769143,-0.014401497194467521,0.02240149719446752
normal_equal,shrink known p,oracle precision,power,0.066,0.014823206633850167,0.036946514997653675,0.09505348500234634
normal_equal,shrink estimated p,current,coverage,0.0,0.0,0.0,0.0
normal_equal,shrink estimated p,current,power,0.0,0.0,0.0,0.0
normal_equal,shrink estimated p,size,coverage,0.008,0.008946064169692531,-0.009534285772597361,0.02553428577259736
normal_equal,shrink estimated p,size,power,0.066,0.014823206633850167,0.036946514997653675,0.09505348500234634
normal_equal,shrink estimated p,precision k100,coverage,0.004,0.008951438795692348,-0.013544820039557003,0.021544820039557003
normal_equal,shrink estimated p,precision k100,power,0.07,0.015833553069529632,0.038966235983721925,0.10103376401627809
normal_equal,shrink estimated p,precision k20,coverage,0.004,0.008951438795692348,-0.013544820039557003,0.021544820039557003
normal_equal,shrink estimated p,precision k20,power,0.078,0.015758447173329904,0.047113443540273386,0.10888655645972661
normal_equal,shrink estimated p,oracle precision,coverage,0.008,0.008946064169692531,-0.009534285772597361,0.02553428577259736
normal_equal,shrink estimated p,oracle precision,power,0.066,0.014823206633850167,0.036946514997653675,0.09505348500234634
normal_unequal,oracle,current,coverage,0.0,0.0,0.0,0.0
normal_unequal,oracle,current,power,0.0,0.0,0.0,0.0
normal_unequal,oracle,size,coverage,-0.003,0.004797292362782782,-0.012402693031054252,0.006402693031054253
normal_unequal,oracle,size,power,0.172,0.01275063051690302,0.14700876418687006,0.1969912358131299
normal_unequal,oracle,precision k100,coverage,-0.003,0.00671088936252387,-0.016153343150546784,0.010153343150546786
normal_unequal,oracle,precision k100,power,0.207,0.013940779940352884,0.17967607131690833,0.23432392868309165
normal_unequal,oracle,precision k20,coverage,-0.005,0.007418222835021204,-0.01953971675664156,0.009539716756641559
normal_unequal,oracle,precision k20,power,0.216,0.014613608642548135,0.18735732706060565,0.24464267293939435
normal_unequal,oracle,oracle precision,coverage,-0.007,0.0075503647599310065,-0.021798714929464773,0.007798714929464772
normal_unequal,oracle,oracle precision,power,0.216,0.014817677401116667,0.18695735229381133,0.24504264770618867
normal_unequal,shrink known p,current,coverage,0.0,0.0,0.0,0.0
normal_unequal,shrink known p,current,power,0.0,0.0,0.0,0.0
normal_unequal,shrink known p,size,coverage,-0.002,0.00775320736527134,-0.017196286435931823,0.013196286435931825
normal_unequal,shrink known p,size,power,0.18,0.018106786336146062,0.14451069878115372,0.21548930121884627
normal_unequal,shrink known p,precision k100,coverage,0.004,0.009806136886729787,-0.015220028297990382,0.023220028297990383
normal_unequal,shrink known p,precision k100,power,0.216,0.019684077978196067,0.1774192071627357,0.2545807928372643
normal_unequal,shrink known p,precision k20,coverage,0.002,0.010402327471949116,-0.018388561845020267,0.02238856184502027
normal_unequal,shrink known p,precision k20,power,0.216,0.02028573444675071,0.1762399604843686,0.25576003951563137
normal_unequal,shrink known p,oracle precision,coverage,0.004,0.010963959906606159,-0.01748936141694807,0.025489361416948072
normal_unequal,shrink known p,oracle precision,power,0.214,0.02022934632917761,0.1743504811948119,0.2536495188051881
normal_unequal,shrink estimated p,current,coverage,0.0,0.0,0.0,0.0
normal_unequal,shrink estimated p,current,power,0.0,0.0,0.0,0.0
normal_unequal,shrink estimated p,size,coverage,0.002,0.007753207365271342,-0.013196286435931829,0.01719628643593183
normal_unequal,shrink estimated p,size,power,0.186,0.018095936722140233,0.15053196402460514,0.22146803597539486
normal_unequal,shrink estimated p,precision k100,coverage,0.008,0.010201968453227116,-0.011995858168325147,0.027995858168325147
normal_unequal,shrink estimated p,precision k100,power,0.21,0.019507975862310498,0.1717643673098714,0.24823563269012858
normal_unequal,shrink estimated p,precision k20,coverage,0.01,0.010393076159834884,-0.010370429273276372,0.03037042927327637
normal_unequal,shrink estimated p,precision k20,power,0.21,0.020509541256818257,0.16980129913663622,0.25019870086336377
normal_unequal,shrink estimated p,oracle precision,coverage,0.008,0.010959572274906433,-0.01348076165881661,0.02948076165881661
normal_unequal,shrink estimated p,oracle precision,power,0.212,0.020759912039693032,0.17131057240220166,0.25268942759779833
t3_unequal,oracle,current,coverage,0.0,0.0,0.0,0.0
t3_unequal,oracle,current,power,0.0,0.0,0.0,0.0
t3_unequal,oracle,size,coverage,0.005,0.005385536556741955,-0.005555651651214233,0.015555651651214232
t3_unequal,oracle,size,power,0.18,0.013029572892837654,0.1544620371300382,0.2055379628699618
t3_unequal,oracle,precision k100,coverage,-0.005,0.0074182228350212044,-0.01953971675664156,0.009539716756641562
t3_unequal,oracle,precision k100,power,0.234,0.014678537374665757,0.20523006674565514,0.2627699332543449
t3_unequal,oracle,precision k20,coverage,-0.007,0.008186453323510616,-0.023045448514080805,0.009045448514080807
t3_unequal,oracle,precision k20,power,0.243,0.015039188049132743,0.21352319142369983,0.2724768085763002
t3_unequal,oracle,oracle precision,coverage,-0.002,0.007749584250529576,-0.017189185131037968,0.013189185131037968
t3_unequal,oracle,oracle precision,power,0.225,0.014852460927253628,0.1958891765825829,0.2541108234174171
t3_unequal,shrink known p,current,coverage,0.0,0.0,0.0,0.0
t3_unequal,shrink known p,current,power,0.0,0.0,0.0,0.0
t3_unequal,shrink known p,size,coverage,0.01,0.00774079063657962,-0.005171949647696053,0.025171949647696056
t3_unequal,shrink known p,size,power,0.194,0.01792681626734,0.1588634401160136,0.2291365598839864
t3_unequal,shrink known p,precision k100,coverage,0.0,0.009807771651580142,-0.019223232437097077,0.019223232437097077
t3_unequal,shrink known p,precision k100,power,0.26,0.02023905231173026,0.2203314574690087,0.2996685425309913
t3_unequal,shrink known p,precision k20,coverage,-0.008,0.010959572274906435,-0.029480761658816614,0.013480761658816613
t3_unequal,shrink known p,precision k20,power,0.256,0.020923757005242363,0.21498943626972497,0.297010563730275
t3_unequal,shrink known p,oracle precision,coverage,0.01,0.009590827281098944,-0.00879802147095393,0.02879802147095393
t3_unequal,shrink known p,oracle precision,power,0.224,0.020505827902230912,0.18380857731162742,0.2641914226883726
t3_unequal,shrink estimated p,current,coverage,0.0,0.0,0.0,0.0
t3_unequal,shrink estimated p,current,power,0.0,0.0,0.0,0.0
t3_unequal,shrink estimated p,size,coverage,0.002,0.007753207365271342,-0.013196286435931829,0.01719628643593183
t3_unequal,shrink estimated p,size,power,0.19,0.018012465067158107,0.15469556846837013,0.22530443153162988
t3_unequal,shrink estimated p,precision k100,coverage,-0.008,0.010201968453227116,-0.027995858168325147,0.011995858168325147
t3_unequal,shrink estimated p,precision k100,power,0.248,0.020342557343622187,0.20812858760650052,0.2878714123934995
t3_unequal,shrink estimated p,precision k20,coverage,-0.014,0.010762884341974388,-0.0350952533102698,0.0070952533102698005
t3_unequal,shrink estimated p,precision k20,power,0.25,0.021352091786223066,0.2081499000990028,0.2918500999009972
t3_unequal,shrink estimated p,oracle precision,coverage,0.002,0.010009614616434494,-0.017618844648211604,0.021618844648211608
t3_unequal,shrink estimated p,oracle precision,power,0.22,0.02059242812764888,0.1796388408698082,0.2603611591301918
lognormal_unequal,oracle,current,coverage,0.0,0.0,0.0,0.0
lognormal_unequal,oracle,current,power,0.0,0.0,0.0,0.0
lognormal_unequal,oracle,size,coverage,0.0,0.005659684799706785,-0.011092982207425299,0.011092982207425299
lognormal_unequal,oracle,size,power,0.12,0.011212748357370985,0.09802301321955287,0.14197698678044712
lognormal_unequal,oracle,precision k100,coverage,-0.031,0.008608897322718695,-0.04787343875252864,-0.014126561247471359
lognormal_unequal,oracle,precision k100,power,0.285,0.01428212095520056,0.25700704292780685,0.3129929570721931
lognormal_unequal,oracle,precision k20,coverage,-0.037,0.009039508433134663,-0.05471743652894394,-0.019282563471056058
lognormal_unequal,oracle,precision k20,power,0.294,0.014414290540008265,0.26574799054158377,0.3222520094584162
lognormal_unequal,oracle,oracle precision,coverage,0.003,0.007144371353873064,-0.011002967853591204,0.017002967853591205
lognormal_unequal,oracle,oracle precision,power,0.143,0.01366520170863708,0.11621620465107131,0.16978379534892868
lognormal_unequal,shrink known p,current,coverage,0.0,0.0,0.0,0.0
lognormal_unequal,shrink known p,current,power,0.0,0.0,0.0,0.0
lognormal_unequal,shrink known p,size,coverage,0.006,0.007213325455589572,-0.00813811789295556,0.02013811789295556
lognormal_unequal,shrink known p,size,power,0.104,0.014792079340729784,0.07500752449216962,0.13299247550783036
lognormal_unequal,shrink known p,precision k100,coverage,-0.04,0.011877801325525583,-0.06328049059803015,-0.01671950940196986
lognormal_unequal,shrink known p,precision k100,power,0.27,0.019874354831287477,0.23104626453067656,0.3089537354693235
lognormal_unequal,shrink known p,precision k20,coverage,-0.046,0.012965500700583594,-0.07141238137314385,-0.020587618626856156
lognormal_unequal,shrink known p,precision k20,power,0.288,0.020271503835075255,0.24826785248325248,0.3277321475167475
lognormal_unequal,shrink known p,oracle precision,coverage,0.008,0.009383394705136558,-0.010391453622067653,0.026391453622067653
lognormal_unequal,shrink known p,oracle precision,power,0.128,0.01810767173192352,0.09250896340542991,0.1634910365945701
lognormal_unequal,shrink estimated p,current,coverage,0.0,0.0,0.0,0.0
lognormal_unequal,shrink estimated p,current,power,0.0,0.0,0.0,0.0
lognormal_unequal,shrink estimated p,size,coverage,0.006,0.007749070666369275,-0.009188178506083779,0.02118817850608378
lognormal_unequal,shrink estimated p,size,power,0.094,0.01451721388552211,0.06554626078437667,0.12245373921562333
lognormal_unequal,shrink estimated p,precision k100,coverage,-0.04,0.01221057723421729,-0.06393273137906588,-0.016067268620934112
lognormal_unequal,shrink estimated p,precision k100,power,0.258,0.019586711785215868,0.2196100449009769,0.2963899550990231
lognormal_unequal,shrink estimated p,precision k20,coverage,-0.04,0.012850301962251395,-0.06518659184601273,-0.014813408153987268
lognormal_unequal,shrink estimated p,precision k20,power,0.278,0.020055833888070872,0.23869056557938112,0.31730943442061893
lognormal_unequal,shrink estimated p,oracle precision,coverage,0.01,0.009999999999999998,-0.009599999999999996,0.029599999999999994
lognormal_unequal,shrink estimated p,oracle precision,power,0.114,0.01818431573299789,0.07835874116332414,0.14964125883667587
