design,method,weighting,reps,coverage,coverage_mc_lo,coverage_mc_hi,power,power_mc_lo,power_mc_hi,bias,rmse
normal_equal,oracle,current,1000,0.946,0.9302078451539475,0.9583786862769372,0.661,0.6310943749213436,0.6896734088463077,-0.0007559673347720037,0.030032640462044447
normal_equal,oracle,size,1000,0.941,0.9246390972285408,0.9539857017871995,0.723,0.6944497560637553,0.7498435096516871,-0.000751566303009983,0.027839025557251817
normal_equal,oracle,precision k100,1000,0.94,0.9235289252086434,0.953103527324068,0.724,0.6954767082717307,0.7508089039267406,-0.000771323701534131,0.027883387168652126
normal_equal,oracle,precision k20,1000,0.94,0.9235289252086434,0.953103527324068,0.72,0.6913699270789491,0.7469462991874067,-0.0007769554343678724,0.02792649118196294
normal_equal,oracle,oracle precision,1000,0.941,0.9246390972285408,0.9539857017871995,0.723,0.6944497560637553,0.7498435096516871,-0.0007515663030100005,0.02783902555725181
normal_equal,shrink known p,current,500,0.938,0.9133402868983618,0.9559807908573184,0.648,0.6051540371141233,0.6885891581092574,-0.0013663850637454895,0.030493226679888328
normal_equal,shrink known p,size,500,0.942,0.917943812143745,0.9593162708882429,0.714,0.6728768354985485,0.7518599467839072,-0.00163857326279627,0.027733676315853842
normal_equal,shrink known p,precision k100,500,0.94,0.9156389368747802,0.9576516435190539,0.72,0.6790813332381924,0.7575639569587245,-0.0016542109776470665,0.027885279989345407
normal_equal,shrink known p,precision k20,500,0.94,0.9156389368747802,0.9576516435190539,0.716,0.674944056876268,0.7537622280443413,-0.0016651490233786732,0.02794741467783229
normal_equal,shrink known p,oracle precision,500,0.942,0.917943812143745,0.9593162708882429,0.714,0.6728768354985485,0.7518599467839072,-0.0016385732627962858,0.027733676315853835
normal_equal,shrink estimated p,current,500,0.936,0.911047591162316,0.9543039839552107,0.64,0.597006617075836,0.6808585675949294,-0.0013729371208420897,0.030508618077955855
normal_equal,shrink estimated p,size,500,0.944,0.920255206353293,0.9609743793168485,0.706,0.6646172591655972,0.7442415125642432,-0.0016692972400236853,0.027737384915506095
normal_equal,shrink estimated p,precision k100,500,0.94,0.9156389368747802,0.9576516435190539,0.71,0.6687451968835135,0.7480525801226344,-0.0016883518881301836,0.02788825464973299
normal_equal,shrink estimated p,precision k20,500,0.94,0.9156389368747802,0.9576516435190539,0.718,0.6770122207860065,0.7556635667727567,-0.0016959871722244432,0.027948919724259457
normal_equal,shrink estimated p,oracle precision,500,0.944,0.920255206353293,0.9609743793168485,0.706,0.6646172591655972,0.7442415125642432,-0.001669297240023702,0.02773738491550609
normal_unequal,oracle,current,1000,0.942,0.9257504237337675,0.9548667217650018,0.593,0.5622513714741374,0.6230368514475494,-0.0007878705548047543,0.03284409476505186
normal_unequal,oracle,size,1000,0.939,0.9224198811757163,0.9522202248739662,0.765,0.7377374064289094,0.7902344115737464,-0.0006483248643078841,0.02467503538371573
normal_unequal,oracle,precision k100,1000,0.939,0.9224198811757163,0.9522202248739662,0.8,0.7740810353518655,0.8236229095568015,-0.0006692928532883298,0.023419105103047944
normal_unequal,oracle,precision k20,1000,0.937,0.920205076295354,0.9504503367882711,0.809,0.7834719955714221,0.832163067684505,-0.0006687596200830263,0.023380862423310687
normal_unequal,oracle,oracle precision,1000,0.935,0.9179944906866292,0.948676229430938,0.809,0.7834719955714221,0.832163067684505,-0.0006349629948740553,0.023308297181653333
normal_unequal,shrink known p,current,500,0.938,0.9133402868983618,0.9559807908573184,0.57,0.5262342399257419,0.6126983524096407,-0.0010947728007196962,0.03337240582603339
normal_unequal,shrink known p,size,500,0.936,0.911047591162316,0.9543039839552107,0.75,0.7102363265170449,0.785951503252179,-0.0013163539848494437,0.02473335447507011
normal_unequal,shrink known p,precision k100,500,0.942,0.917943812143745,0.9593162708882429,0.786,0.7479418772435874,0.8196970000124048,-0.0013820687289740076,0.023296625058536285
normal_unequal,shrink known p,precision k20,500,0.94,0.9156389368747802,0.9576516435190539,0.786,0.7479418772435874,0.8196970000124048,-0.001404649820153768,0.02319776759836631
normal_unequal,shrink known p,oracle precision,500,0.942,0.917943812143745,0.9593162708882429,0.784,0.7458371194720326,0.8178322551458059,-0.0013906162569069045,0.023008651935365467
normal_unequal,shrink estimated p,current,500,0.934,0.9087605988391466,0.9526214736402262,0.568,0.5242253434338132,0.6107377462634155,-0.001078418197782512,0.03344006471411034
normal_unequal,shrink estimated p,size,500,0.936,0.911047591162316,0.9543039839552107,0.754,0.7144078267312022,0.7897190083143293,-0.0013331884397086546,0.02473533135192714
normal_unequal,shrink estimated p,precision k100,500,0.942,0.917943812143745,0.9593162708882429,0.778,0.739530218085007,0.8122306486183701,-0.0014098905078430456,0.023306279418899154
normal_unequal,shrink estimated p,precision k20,500,0.944,0.920255206353293,0.9609743793168485,0.778,0.739530218085007,0.8122306486183701,-0.0014351539989740554,0.023207901693482635
normal_unequal,shrink estimated p,oracle precision,500,0.942,0.917943812143745,0.9593162708882429,0.78,0.7416313019131544,0.8140990674283763,-0.0014205843001394252,0.023019632883675634
t3_unequal,oracle,current,1000,0.957,0.942580996155916,0.9679213465882865,0.6,0.5693094295142662,0.6299252187886226,-0.00019325396161518595,0.031564899292207106
t3_unequal,oracle,size,1000,0.962,0.9482730796686497,0.9721909954906974,0.78,0.7532805086371258,0.8045765066109635,-4.699693090793183e-05,0.02418597302695066
t3_unequal,oracle,precision k100,1000,0.952,0.936933911349866,0.963606698979192,0.834,0.8096691971622607,0.8557745281693885,3.725810910616356e-05,0.021062545493868663
t3_unequal,oracle,precision k20,1000,0.95,0.9346861797557492,0.9618697376072513,0.843,0.8191441706597944,0.8642306730191147,0.00011605342555434986,0.02103361147209719
t3_unequal,oracle,oracle precision,1000,0.955,0.9403171620637766,0.9662004877143683,0.825,0.800218354614785,0.8472942523696041,6.822384489721953e-05,0.02279029363713624
t3_unequal,shrink known p,current,500,0.95,0.9272318388284524,0.9659062547561506,0.584,0.5403165775956056,0.6264025332068537,-0.000149895605905484,0.03293836546301143
t3_unequal,shrink known p,size,500,0.96,0.9390264041651492,0.9739592026102227,0.778,0.739530218085007,0.8122306486183701,0.00023117442295166878,0.025015683007602155
t3_unequal,shrink known p,precision k100,500,0.95,0.9272318388284524,0.9659062547561506,0.844,0.809585245166297,0.8731692085961551,0.0005177959738949952,0.021451342719185914
t3_unequal,shrink known p,precision k20,500,0.942,0.917943812143745,0.9593162708882429,0.84,0.8052918208363085,0.8695236276498359,0.0006557713130913605,0.021454781483155997
t3_unequal,shrink known p,oracle precision,500,0.96,0.9390264041651492,0.9739592026102227,0.808,0.771179624871567,0.8401237814041169,0.0005812268064016117,0.02345740280199107
t3_unequal,shrink estimated p,current,500,0.956,0.9342805571276716,0.9707660443713928,0.588,0.5443465920099858,0.630311524068781,-0.00013670964019976616,0.03309676769981564
t3_unequal,shrink estimated p,size,500,0.958,0.9366484142456699,0.9723676898915483,0.778,0.739530218085007,0.8122306486183701,0.00024201983925183545,0.025104503822817398
t3_unequal,shrink estimated p,precision k100,500,0.948,0.9248988560621544,0.9642697348842947,0.836,0.8010053635257086,0.8658710796841282,0.0005251860702325806,0.021465944995517388
t3_unequal,shrink estimated p,precision k20,500,0.942,0.917943812143745,0.9593162708882429,0.838,0.8031477342378299,0.8676982116101608,0.0006672656260601745,0.021465170709344502
t3_unequal,shrink estimated p,oracle precision,500,0.958,0.9366484142456699,0.9723676898915483,0.808,0.771179624871567,0.8401237814041169,0.0005918681487835863,0.02353401950895898
lognormal_unequal,oracle,current,1000,0.944,0.927976651850269,0.9566251866145581,0.683,0.6535068964204829,0.7110925099738041,-0.00014530885974938036,0.03247838925370832
lognormal_unequal,oracle,size,1000,0.944,0.927976651850269,0.9566251866145581,0.803,0.7772091460935389,0.8264718382642149,7.022282202952607e-05,0.024159464128164873
lognormal_unequal,oracle,precision k100,1000,0.913,0.8939135189433066,0.928925578547625,0.968,0.9551752619162314,0.9772428921412891,0.009129549392537711,0.020184380959372944
lognormal_unequal,oracle,precision k20,1000,0.907,0.8874087442345036,0.9234762743582547,0.977,0.9657235493377733,0.9846257230670071,0.010880208104232979,0.020841193061117574
lognormal_unequal,oracle,oracle precision,1000,0.947,0.9313253831625082,0.9592534947514054,0.826,0.8012673037329014,0.8482376497345165,0.00020370137725796245,0.022305685478879025
lognormal_unequal,shrink known p,current,500,0.946,0.9225734384893529,0.9626256498189425,0.69,0.6481416618981787,0.7289610887264314,0.0009511728864862613,0.03188535768486462
lognormal_unequal,shrink known p,size,500,0.952,0.92957280316411,0.9675347930586469,0.794,0.7563735290819746,0.8271433587266328,0.0005473494788421708,0.02450579902041653
lognormal_unequal,shrink known p,precision k100,500,0.906,0.8772354441374409,0.9285735914077787,0.96,0.9390264041651492,0.9739592026102227,0.008946022567768278,0.02066348852543948
lognormal_unequal,shrink known p,precision k20,500,0.9,0.8705780903680599,0.9233224372626984,0.978,0.9610391387886836,0.9876719917300725,0.010533292555172961,0.021285855403790493
lognormal_unequal,shrink known p,oracle precision,500,0.954,0.9319222072317267,0.9691548916291838,0.818,0.7817973646706083,0.8493535547958443,0.0003985058598409076,0.02258533494642211
lognormal_unequal,shrink estimated p,current,500,0.946,0.9225734384893529,0.9626256498189425,0.7,0.6584321959560773,0.7385180678593017,0.0008996441328031905,0.03195982457741417
lognormal_unequal,shrink estimated p,size,500,0.952,0.92957280316411,0.9675347930586469,0.794,0.7563735290819746,0.8271433587266328,0.0005178110772050228,0.024503006744916258
lognormal_unequal,shrink estimated p,precision k100,500,0.906,0.8772354441374409,0.9285735914077787,0.958,0.9366484142456699,0.9723676898915483,0.008975365312288763,0.020659949420147358
lognormal_unequal,shrink estimated p,precision k20,500,0.906,0.8772354441374409,0.9285735914077787,0.978,0.9610391387886836,0.9876719917300725,0.010560851050761535,0.021284473778591724
lognormal_unequal,shrink estimated p,oracle precision,500,0.956,0.9342805571276716,0.9707660443713928,0.814,0.7775459059402153,0.8456660082499298,0.0003703591853743429,0.022599829728814278
